id,name,country_id,is_active
1,Badakhshan,1,1
2,Badgis,1,1
3,Baglan,1,1
4,Balkh,1,1
5,Bamiyan,1,1
6,Farah,1,1
7,Faryab,1,1
8,Gawr,1,1
9,Gazni,1,1
10,Herat,1,1
11,Hilmand,1,1
12,Jawzjan,1,1
13,Kabul,1,1
14,Kapisa,1,1
15,Khawst,1,1
16,Kunar,1,1
17,Lagman,1,1
18,Lawghar,1,1
19,Nangarhar,1,1
20,Nimruz,1,1
21,Nuristan,1,1
22,Paktika,1,1
23,Paktiya,1,1
24,Parwan,1,1
25,Qandahar,1,1
26,Qunduz,1,1
27,Samangan,1,1
28,Sar-e Pul,1,1
29,Takhar,1,1
30,Uruzgan,1,1
31,Wardag,1,1
32,Zabul,1,1
33,Berat,3,1
34,Bulqize,3,1
35,Delvine,3,1
36,Devoll,3,1
37,Dibre,3,1
38,Durres,3,1
39,Elbasan,3,1
40,Fier,3,1
41,Gjirokaster,3,1
42,Gramsh,3,1
43,Has,3,1
44,Kavaje,3,1
45,Kolonje,3,1
46,Korce,3,1
47,Kruje,3,1
48,Kucove,3,1
49,Kukes,3,1
50,Kurbin,3,1
51,Lezhe,3,1
52,Librazhd,3,1
53,Lushnje,3,1
54,Mallakaster,3,1
55,Malsi e Madhe,3,1
56,Mat,3,1
57,Mirdite,3,1
58,Peqin,3,1
59,Permet,3,1
60,Pogradec,3,1
61,Puke,3,1
62,Sarande,3,1
63,Shkoder,3,1
64,Skrapar,3,1
65,Tepelene,3,1
66,Tirane,3,1
67,Tropoje,3,1
68,Vlore,3,1
71,Adrar,4,1
117,al-Aghwat,4,1
118,al-Bayadh,4,1
119,al-Jaza\'ir,4,1
120,al-Wad,4,1
72,Algiers,4,1
73,Annabah,4,1
121,ash-Shalif,4,1
122,at-Tarif,4,1
74,Bashshar,4,1
75,Batnah,4,1
76,Bijayah,4,1
77,Biskrah,4,1
78,Blidah,4,1
79,Buirah,4,1
80,Bumardas,4,1
81,Burj Bu Arririj,4,1
82,Ghalizan,4,1
83,Ghardayah,4,1
84,Ilizi,4,1
85,Jijili,4,1
86,Jilfah,4,1
87,Khanshalah,4,1
88,Masilah,4,1
89,Midyah,4,1
90,Milah,4,1
91,Muaskar,4,1
92,Mustaghanam,4,1
93,Naama,4,1
94,Oran,4,1
95,Ouargla,4,1
96,Qalmah,4,1
97,Qustantinah,4,1
98,Sakikdah,4,1
99,Satif,4,1
100,Sayda\',4,1
101,Sidi ban-al-\'Abbas,4,1
102,Suq Ahras,4,1
103,Tamanghasat,4,1
104,Tibazah,4,1
105,Tibissah,4,1
106,Tilimsan,4,1
107,Tinduf,4,1
108,Tisamsilt,4,1
109,Tiyarat,4,1
110,Tizi Wazu,4,1
111,Umm-al-Bawaghi,4,1
112,Wahran,4,1
113,Warqla,4,1
114,Wilaya d Alger,4,1
115,Wilaya de Bejaia,4,1
116,Wilaya de Constantine,4,1
69,\'Ayn Daflah,4,1
70,\'Ayn Tamushanat,4,1
123,Eastern,5,1
124,Manu\'a,5,1
125,Swains Island,5,1
126,Western,5,1
127,Andorra la Vella,6,1
128,Canillo,6,1
129,Encamp,6,1
130,La Massana,6,1
131,Les Escaldes,6,1
132,Ordino,6,1
133,Sant Julia de Loria,6,1
134,Bengo,7,1
135,Benguela,7,1
136,Bie,7,1
137,Cabinda,7,1
138,Cunene,7,1
139,Huambo,7,1
140,Huila,7,1
141,Kuando-Kubango,7,1
142,Kwanza Norte,7,1
143,Kwanza Sul,7,1
144,Luanda,7,1
145,Lunda Norte,7,1
146,Lunda Sul,7,1
147,Malanje,7,1
148,Moxico,7,1
149,Namibe,7,1
150,Uige,7,1
151,Zaire,7,1
152,Other Provinces,8,1
153,Sector claimed by Argentina/Ch,9,1
154,Sector claimed by Argentina/UK,9,1
155,Sector claimed by Australia,9,1
156,Sector claimed by France,9,1
157,Sector claimed by New Zealand,9,1
158,Sector claimed by Norway,9,1
159,Unclaimed Sector,9,1
160,Barbuda,10,1
161,Saint George,10,1
162,Saint John,10,1
163,Saint Mary,10,1
164,Saint Paul,10,1
165,Saint Peter,10,1
166,Saint Philip,10,1
167,Buenos Aires,11,1
168,Catamarca,11,1
169,Chaco,11,1
170,Chubut,11,1
171,Cordoba,11,1
172,Corrientes,11,1
173,Distrito Federal,11,1
174,Entre Rios,11,1
175,Formosa,11,1
176,Jujuy,11,1
177,La Pampa,11,1
178,La Rioja,11,1
179,Mendoza,11,1
180,Misiones,11,1
181,Neuquen,11,1
182,Rio Negro,11,1
183,Salta,11,1
184,San Juan,11,1
185,San Luis,11,1
186,Santa Cruz,11,1
187,Santa Fe,11,1
188,Santiago del Estero,11,1
189,Tierra del Fuego,11,1
190,Tucuman,11,1
191,Aragatsotn,12,1
192,Ararat,12,1
193,Armavir,12,1
194,Gegharkunik,12,1
195,Kotaik,12,1
196,Lori,12,1
197,Shirak,12,1
198,Stepanakert,12,1
199,Syunik,12,1
200,Tavush,12,1
201,Vayots Dzor,12,1
202,Yerevan,12,1
203,Aruba,13,1
204,Auckland,14,1
205,Australian Capital Territory,14,1
206,Balgowlah,14,1
207,Balmain,14,1
208,Bankstown,14,1
209,Baulkham Hills,14,1
210,Bonnet Bay,14,1
211,Camberwell,14,1
212,Carole Park,14,1
213,Castle Hill,14,1
214,Caulfield,14,1
215,Chatswood,14,1
216,Cheltenham,14,1
217,Cherrybrook,14,1
218,Clayton,14,1
219,Collingwood,14,1
220,Frenchs Forest,14,1
221,Hawthorn,14,1
222,Jannnali,14,1
223,Knoxfield,14,1
224,Melbourne,14,1
225,New South Wales,14,1
226,Northern Territory,14,1
227,Perth,14,1
228,Queensland,14,1
229,South Australia,14,1
230,Tasmania,14,1
231,Templestowe,14,1
232,Victoria,14,1
233,Werribee south,14,1
234,Western Australia,14,1
235,Wheeler,14,1
236,Bundesland Salzburg,15,1
237,Bundesland Steiermark,15,1
238,Bundesland Tirol,15,1
239,Burgenland,15,1
240,Carinthia,15,1
241,Karnten,15,1
242,Liezen,15,1
243,Lower Austria,15,1
244,Niederosterreich,15,1
245,Oberosterreich,15,1
246,Salzburg,15,1
247,Schleswig-Holstein,15,1
248,Steiermark,15,1
249,Styria,15,1
250,Tirol,15,1
251,Upper Austria,15,1
252,Vorarlberg,15,1
253,Wien,15,1
254,Abseron,16,1
255,Baki Sahari,16,1
256,Ganca,16,1
257,Ganja,16,1
258,Kalbacar,16,1
259,Lankaran,16,1
260,Mil-Qarabax,16,1
261,Mugan-Salyan,16,1
262,Nagorni-Qarabax,16,1
263,Naxcivan,16,1
264,Priaraks,16,1
265,Qazax,16,1
266,Saki,16,1
267,Sirvan,16,1
268,Xacmaz,16,1
276,al-Manamah,18,1
277,al-Muharraq,18,1
278,ar-Rifa\'a,18,1
270,Badiyah,18,1
271,Hidd,18,1
272,Jidd Hafs,18,1
273,Mahama,18,1
274,Manama,18,1
275,Sitrah,18,1
269,\'Isa,18,1
279,Bagar Hat,19,1
280,Bandarban,19,1
281,Barguna,19,1
282,Barisal,19,1
283,Bhola,19,1
284,Bogora,19,1
285,Brahman Bariya,19,1
286,Chandpur,19,1
287,Chattagam,19,1
288,Chittagong Division,19,1
289,Chuadanga,19,1
290,Dhaka,19,1
291,Dinajpur,19,1
292,Faridpur,19,1
293,Feni,19,1
294,Gaybanda,19,1
295,Gazipur,19,1
296,Gopalganj,19,1
297,Habiganj,19,1
298,Jaipur Hat,19,1
299,Jamalpur,19,1
300,Jessor,19,1
301,Jhalakati,19,1
302,Jhanaydah,19,1
303,Khagrachhari,19,1
304,Khulna,19,1
305,Kishorganj,19,1
306,Koks Bazar,19,1
307,Komilla,19,1
308,Kurigram,19,1
309,Kushtiya,19,1
310,Lakshmipur,19,1
311,Lalmanir Hat,19,1
312,Madaripur,19,1
313,Magura,19,1
314,Maimansingh,19,1
315,Manikganj,19,1
316,Maulvi Bazar,19,1
317,Meherpur,19,1
318,Munshiganj,19,1
319,Naral,19,1
320,Narayanganj,19,1
321,Narsingdi,19,1
322,Nator,19,1
323,Naugaon,19,1
324,Nawabganj,19,1
325,Netrakona,19,1
326,Nilphamari,19,1
327,Noakhali,19,1
328,Pabna,19,1
329,Panchagarh,19,1
330,Patuakhali,19,1
331,Pirojpur,19,1
332,Rajbari,19,1
333,Rajshahi,19,1
334,Rangamati,19,1
335,Rangpur,19,1
336,Satkhira,19,1
337,Shariatpur,19,1
338,Sherpur,19,1
339,Silhat,19,1
340,Sirajganj,19,1
341,Sunamganj,19,1
342,Tangayal,19,1
343,Thakurgaon,19,1
344,Christ Church,20,1
345,Saint Andrew,20,1
346,Saint George,20,1
347,Saint James,20,1
348,Saint John,20,1
349,Saint Joseph,20,1
350,Saint Lucy,20,1
351,Saint Michael,20,1
352,Saint Peter,20,1
353,Saint Philip,20,1
354,Saint Thomas,20,1
355,Brest,21,1
356,Homjel\',21,1
357,Hrodna,21,1
358,Mahiljow,21,1
359,Mahilyowskaya Voblasts,21,1
360,Minsk,21,1
361,Minskaja Voblasts\',21,1
362,Petrik,21,1
363,Vicebsk,21,1
364,Antwerpen,22,1
365,Berchem,22,1
366,Brabant,22,1
367,Brabant Wallon,22,1
368,Brussel,22,1
369,East Flanders,22,1
370,Hainaut,22,1
371,Liege,22,1
372,Limburg,22,1
373,Luxembourg,22,1
374,Namur,22,1
375,Ontario,22,1
376,Oost-Vlaanderen,22,1
377,Provincie Brabant,22,1
378,Vlaams-Brabant,22,1
379,Wallonne,22,1
380,West-Vlaanderen,22,1
381,Belize,23,1
382,Cayo,23,1
383,Corozal,23,1
384,Orange Walk,23,1
385,Stann Creek,23,1
386,Toledo,23,1
387,Alibori,24,1
388,Atacora,24,1
389,Atlantique,24,1
390,Borgou,24,1
391,Collines,24,1
392,Couffo,24,1
393,Donga,24,1
394,Littoral,24,1
395,Mono,24,1
396,Oueme,24,1
397,Plateau,24,1
398,Zou,24,1
399,Hamilton,25,1
400,Saint George,25,1
401,Bumthang,26,1
402,Chhukha,26,1
403,Chirang,26,1
404,Daga,26,1
405,Geylegphug,26,1
406,Ha,26,1
407,Lhuntshi,26,1
408,Mongar,26,1
409,Pemagatsel,26,1
410,Punakha,26,1
411,Rinpung,26,1
412,Samchi,26,1
413,Samdrup Jongkhar,26,1
414,Shemgang,26,1
415,Tashigang,26,1
416,Timphu,26,1
417,Tongsa,26,1
418,Wangdiphodrang,26,1
419,Beni,27,1
420,Chuquisaca,27,1
421,Cochabamba,27,1
422,La Paz,27,1
423,Oruro,27,1
424,Pando,27,1
425,Potosi,27,1
426,Santa Cruz,27,1
427,Tarija,27,1
428,Federacija Bosna i Hercegovina,28,1
429,Republika Srpska,28,1
430,Central Bobonong,29,1
431,Central Boteti,29,1
432,Central Mahalapye,29,1
433,Central Serowe-Palapye,29,1
434,Central Tutume,29,1
435,Chobe,29,1
436,Francistown,29,1
437,Gaborone,29,1
438,Ghanzi,29,1
439,Jwaneng,29,1
440,Kgalagadi North,29,1
441,Kgalagadi South,29,1
442,Kgatleng,29,1
443,Kweneng,29,1
444,Lobatse,29,1
445,Ngamiland,29,1
446,Ngwaketse,29,1
447,North East,29,1
448,Okavango,29,1
449,Orapa,29,1
450,Selibe Phikwe,29,1
451,South East,29,1
452,Sowa,29,1
453,Bouvet Island,30,1
454,Acre,31,1
455,Alagoas,31,1
456,Amapa,31,1
457,Amazonas,31,1
458,Bahia,31,1
459,Ceara,31,1
460,Distrito Federal,31,1
461,Espirito Santo,31,1
462,Estado de Sao Paulo,31,1
463,Goias,31,1
464,Maranhao,31,1
465,Mato Grosso,31,1
466,Mato Grosso do Sul,31,1
467,Minas Gerais,31,1
468,Para,31,1
469,Paraiba,31,1
470,Parana,31,1
471,Pernambuco,31,1
472,Piaui,31,1
475,Rio de Janeiro,31,1
473,Rio Grande do Norte,31,1
474,Rio Grande do Sul,31,1
476,Rondonia,31,1
477,Roraima,31,1
478,Santa Catarina,31,1
479,Sao Paulo,31,1
480,Sergipe,31,1
481,Tocantins,31,1
482,British Indian Ocean Territory,32,1
483,Blagoevgrad,34,1
484,Burgas,34,1
485,Dobrich,34,1
486,Gabrovo,34,1
487,Haskovo,34,1
488,Jambol,34,1
489,Kardzhali,34,1
490,Kjustendil,34,1
491,Lovech,34,1
492,Montana,34,1
493,Oblast Sofiya-Grad,34,1
494,Pazardzhik,34,1
495,Pernik,34,1
496,Pleven,34,1
497,Plovdiv,34,1
498,Razgrad,34,1
499,Ruse,34,1
500,Shumen,34,1
501,Silistra,34,1
502,Sliven,34,1
503,Smoljan,34,1
504,Sofija grad,34,1
505,Sofijska oblast,34,1
506,Stara Zagora,34,1
507,Targovishte,34,1
508,Varna,34,1
509,Veliko Tarnovo,34,1
510,Vidin,34,1
511,Vraca,34,1
512,Yablaniza,34,1
513,Bale,35,1
514,Bam,35,1
515,Bazega,35,1
516,Bougouriba,35,1
517,Boulgou,35,1
518,Boulkiemde,35,1
519,Comoe,35,1
520,Ganzourgou,35,1
521,Gnagna,35,1
522,Gourma,35,1
523,Houet,35,1
524,Ioba,35,1
525,Kadiogo,35,1
526,Kenedougou,35,1
527,Komandjari,35,1
528,Kompienga,35,1
529,Kossi,35,1
530,Kouritenga,35,1
531,Kourweogo,35,1
532,Leraba,35,1
533,Mouhoun,35,1
534,Nahouri,35,1
535,Namentenga,35,1
536,Noumbiel,35,1
537,Oubritenga,35,1
538,Oudalan,35,1
539,Passore,35,1
540,Poni,35,1
541,Sanguie,35,1
542,Sanmatenga,35,1
543,Seno,35,1
544,Sissili,35,1
545,Soum,35,1
546,Sourou,35,1
547,Tapoa,35,1
548,Tuy,35,1
549,Yatenga,35,1
550,Zondoma,35,1
551,Zoundweogo,35,1
552,Bubanza,36,1
553,Bujumbura,36,1
554,Bururi,36,1
555,Cankuzo,36,1
556,Cibitoke,36,1
557,Gitega,36,1
558,Karuzi,36,1
559,Kayanza,36,1
560,Kirundo,36,1
561,Makamba,36,1
562,Muramvya,36,1
563,Muyinga,36,1
564,Ngozi,36,1
565,Rutana,36,1
566,Ruyigi,36,1
567,Banteay Mean Chey,37,1
568,Bat Dambang,37,1
569,Kampong Cham,37,1
570,Kampong Chhnang,37,1
571,Kampong Spoeu,37,1
572,Kampong Thum,37,1
573,Kampot,37,1
574,Kandal,37,1
575,Kaoh Kong,37,1
576,Kracheh,37,1
577,Krong Kaeb,37,1
578,Krong Pailin,37,1
579,Krong Preah Sihanouk,37,1
580,Mondol Kiri,37,1
581,Otdar Mean Chey,37,1
582,Phnum Penh,37,1
583,Pousat,37,1
584,Preah Vihear,37,1
585,Prey Veaeng,37,1
586,Rotanak Kiri,37,1
587,Siem Reab,37,1
588,Stueng Traeng,37,1
589,Svay Rieng,37,1
590,Takaev,37,1
591,Adamaoua,38,1
592,Centre,38,1
593,Est,38,1
594,Littoral,38,1
595,Nord,38,1
596,Nord Extreme,38,1
597,Nordouest,38,1
598,Ouest,38,1
599,Sud,38,1
600,Sudouest,38,1
601,Alberta,39,1
602,British Columbia,39,1
603,Manitoba,39,1
604,New Brunswick,39,1
605,Newfoundland and Labrador,39,1
606,Northwest Territories,39,1
607,Nova Scotia,39,1
608,Nunavut,39,1
609,Ontario,39,1
610,Prince Edward Island,39,1
611,Quebec,39,1
612,Saskatchewan,39,1
613,Yukon,39,1
614,Boavista,40,1
615,Brava,40,1
616,Fogo,40,1
617,Maio,40,1
618,Sal,40,1
619,Santo Antao,40,1
620,Sao Nicolau,40,1
621,Sao Tiago,40,1
622,Sao Vicente,40,1
623,Grand Cayman,41,1
624,Bamingui-Bangoran,42,1
625,Bangui,42,1
626,Basse-Kotto,42,1
627,Haut-Mbomou,42,1
628,Haute-Kotto,42,1
629,Kemo,42,1
630,Lobaye,42,1
631,Mambere-Kadei,42,1
632,Mbomou,42,1
633,Nana-Gribizi,42,1
634,Nana-Mambere,42,1
635,Ombella Mpoko,42,1
636,Ouaka,42,1
637,Ouham,42,1
638,Ouham-Pende,42,1
639,Sangha-Mbaere,42,1
640,Vakaga,42,1
641,Batha,43,1
642,Biltine,43,1
643,Bourkou-Ennedi-Tibesti,43,1
644,Chari-Baguirmi,43,1
645,Guera,43,1
646,Kanem,43,1
647,Lac,43,1
648,Logone Occidental,43,1
649,Logone Oriental,43,1
650,Mayo-Kebbi,43,1
651,Moyen-Chari,43,1
652,Ouaddai,43,1
653,Salamat,43,1
654,Tandjile,43,1
655,Aisen,44,1
656,Antofagasta,44,1
657,Araucania,44,1
658,Atacama,44,1
659,Bio Bio,44,1
660,Coquimbo,44,1
661,Libertador General Bernardo O\',44,1
662,Los Lagos,44,1
663,Magellanes,44,1
664,Maule,44,1
665,Metropolitana,44,1
666,Metropolitana de Santiago,44,1
667,Tarapaca,44,1
668,Valparaiso,44,1
669,Anhui,45,1
670,Anhui Province,45,1
671,Anhui Sheng,45,1
672,Aomen,45,1
673,Beijing,45,1
674,Beijing Shi,45,1
675,Chongqing,45,1
676,Fujian,45,1
677,Fujian Sheng,45,1
678,Gansu,45,1
679,Guangdong,45,1
680,Guangdong Sheng,45,1
681,Guangxi,45,1
682,Guizhou,45,1
683,Hainan,45,1
684,Hebei,45,1
685,Heilongjiang,45,1
686,Henan,45,1
687,Hubei,45,1
688,Hunan,45,1
689,Jiangsu,45,1
690,Jiangsu Sheng,45,1
691,Jiangxi,45,1
692,Jilin,45,1
693,Liaoning,45,1
694,Liaoning Sheng,45,1
695,Nei Monggol,45,1
696,Ningxia Hui,45,1
697,Qinghai,45,1
698,Shaanxi,45,1
699,Shandong,45,1
700,Shandong Sheng,45,1
701,Shanghai,45,1
702,Shanxi,45,1
703,Sichuan,45,1
704,Tianjin,45,1
705,Xianggang,45,1
706,Xinjiang,45,1
707,Xizang,45,1
708,Yunnan,45,1
709,Zhejiang,45,1
710,Zhejiang Sheng,45,1
711,Christmas Island,46,1
712,Cocos (Keeling) Islands,47,1
713,Amazonas,48,1
714,Antioquia,48,1
715,Arauca,48,1
716,Atlantico,48,1
717,Bogota,48,1
718,Bolivar,48,1
719,Boyaca,48,1
720,Caldas,48,1
721,Caqueta,48,1
722,Casanare,48,1
723,Cauca,48,1
724,Cesar,48,1
725,Choco,48,1
726,Cordoba,48,1
727,Cundinamarca,48,1
728,Guainia,48,1
729,Guaviare,48,1
730,Huila,48,1
731,La Guajira,48,1
732,Magdalena,48,1
733,Meta,48,1
734,Narino,48,1
735,Norte de Santander,48,1
736,Putumayo,48,1
737,Quindio,48,1
738,Risaralda,48,1
739,San Andres y Providencia,48,1
740,Santander,48,1
741,Sucre,48,1
742,Tolima,48,1
743,Valle del Cauca,48,1
744,Vaupes,48,1
745,Vichada,48,1
746,Mwali,49,1
747,Njazidja,49,1
748,Nzwani,49,1
749,Bouenza,50,1
750,Brazzaville,50,1
751,Cuvette,50,1
752,Kouilou,50,1
753,Lekoumou,50,1
754,Likouala,50,1
755,Niari,50,1
756,Plateaux,50,1
757,Pool,50,1
758,Sangha,50,1
759,Aitutaki,52,1
760,Atiu,52,1
761,Mangaia,52,1
762,Manihiki,52,1
763,Mauke,52,1
764,Mitiaro,52,1
765,Nassau,52,1
766,Pukapuka,52,1
767,Rakahanga,52,1
768,Rarotonga,52,1
769,Tongareva,52,1
770,Alajuela,53,1
771,Cartago,53,1
772,Guanacaste,53,1
773,Heredia,53,1
774,Limon,53,1
775,Puntarenas,53,1
776,San Jose,53,1
777,Camaguey,56,1
778,Ciego de Avila,56,1
779,Cienfuegos,56,1
780,Ciudad de la Habana,56,1
781,Granma,56,1
782,Guantanamo,56,1
783,Habana,56,1
784,Holguin,56,1
785,Isla de la Juventud,56,1
786,La Habana,56,1
787,Las Tunas,56,1
788,Matanzas,56,1
789,Pinar del Rio,56,1
790,Sancti Spiritus,56,1
791,Santiago de Cuba,56,1
792,Villa Clara,56,1
793,Government controlled area,57,1
794,Limassol,57,1
795,Nicosia District,57,1
796,Paphos,57,1
797,Turkish controlled area,57,1
798,Central Bohemian,58,1
799,Frycovice,58,1
800,Jihocesky Kraj,58,1
801,Jihochesky,58,1
802,Jihomoravsky,58,1
803,Karlovarsky,58,1
804,Klecany,58,1
805,Kralovehradecky,58,1
806,Liberecky,58,1
807,Lipov,58,1
808,Moravskoslezsky,58,1
809,Olomoucky,58,1
810,Olomoucky Kraj,58,1
811,Pardubicky,58,1
812,Plzensky,58,1
813,Praha,58,1
814,Rajhrad,58,1
815,Smirice,58,1
816,South Moravian,58,1
817,Straz nad Nisou,58,1
818,Stredochesky,58,1
819,Unicov,58,1
820,Ustecky,58,1
821,Valletta,58,1
822,Velesin,58,1
823,Vysochina,58,1
824,Zlinsky,58,1
825,Arhus,59,1
826,Bornholm,59,1
827,Frederiksborg,59,1
828,Fyn,59,1
829,Hovedstaden,59,1
830,Kobenhavn,59,1
831,Kobenhavns Amt,59,1
832,Kobenhavns Kommune,59,1
833,Nordjylland,59,1
834,Ribe,59,1
835,Ringkobing,59,1
836,Roervig,59,1
837,Roskilde,59,1
838,Roslev,59,1
839,Sjaelland,59,1
840,Soeborg,59,1
841,Sonderjylland,59,1
842,Storstrom,59,1
843,Syddanmark,59,1
844,Toelloese,59,1
845,Vejle,59,1
846,Vestsjalland,59,1
847,Viborg,59,1
849,Dikhil,60,1
850,Jibuti,60,1
851,Tajurah,60,1
852,Ubuk,60,1
848,\'Ali Sabih,60,1
853,Saint Andrew,61,1
854,Saint David,61,1
855,Saint George,61,1
856,Saint John,61,1
857,Saint Joseph,61,1
858,Saint Luke,61,1
859,Saint Mark,61,1
860,Saint Patrick,61,1
861,Saint Paul,61,1
862,Saint Peter,61,1
863,Azua,62,1
864,Bahoruco,62,1
865,Barahona,62,1
866,Dajabon,62,1
867,Distrito Nacional,62,1
868,Duarte,62,1
869,El Seybo,62,1
870,Elias Pina,62,1
871,Espaillat,62,1
872,Hato Mayor,62,1
873,Independencia,62,1
874,La Altagracia,62,1
875,La Romana,62,1
876,La Vega,62,1
877,Maria Trinidad Sanchez,62,1
878,Monsenor Nouel,62,1
879,Monte Cristi,62,1
880,Monte Plata,62,1
881,Pedernales,62,1
882,Peravia,62,1
883,Puerto Plata,62,1
884,Salcedo,62,1
885,Samana,62,1
886,San Cristobal,62,1
887,San Juan,62,1
888,San Pedro de Macoris,62,1
889,Sanchez Ramirez,62,1
890,Santiago,62,1
891,Santiago Rodriguez,62,1
892,Valverde,62,1
893,Aileu,63,1
894,Ainaro,63,1
895,Ambeno,63,1
896,Baucau,63,1
897,Bobonaro,63,1
898,Cova Lima,63,1
899,Dili,63,1
900,Ermera,63,1
901,Lautem,63,1
902,Liquica,63,1
903,Manatuto,63,1
904,Manufahi,63,1
905,Viqueque,63,1
906,Azuay,64,1
907,Bolivar,64,1
908,Canar,64,1
909,Carchi,64,1
910,Chimborazo,64,1
911,Cotopaxi,64,1
912,El Oro,64,1
913,Esmeraldas,64,1
914,Galapagos,64,1
915,Guayas,64,1
916,Imbabura,64,1
917,Loja,64,1
918,Los Rios,64,1
919,Manabi,64,1
920,Morona Santiago,64,1
921,Napo,64,1
922,Orellana,64,1
923,Pastaza,64,1
924,Pichincha,64,1
925,Sucumbios,64,1
926,Tungurahua,64,1
927,Zamora Chinchipe,64,1
945,ad-Daqahliyah,65,1
946,al-Bahr-al-Ahmar,65,1
947,al-Buhayrah,65,1
948,al-Fayyum,65,1
949,al-Gharbiyah,65,1
950,al-Iskandariyah,65,1
951,al-Ismailiyah,65,1
952,al-Jizah,65,1
953,al-Minufiyah,65,1
954,al-Minya,65,1
955,al-Qahira,65,1
956,al-Qalyubiyah,65,1
957,al-Uqsur,65,1
958,al-Wadi al-Jadid,65,1
959,as-Suways,65,1
960,ash-Sharqiyah,65,1
928,Aswan,65,1
929,Asyut,65,1
930,Bani Suwayf,65,1
931,Bur Sa\'id,65,1
932,Cairo,65,1
933,Dumyat,65,1
934,Kafr-ash-Shaykh,65,1
935,Matruh,65,1
936,Muhafazat ad Daqahliyah,65,1
937,Muhafazat al Fayyum,65,1
938,Muhafazat al Gharbiyah,65,1
939,Muhafazat al Iskandariyah,65,1
940,Muhafazat al Qahirah,65,1
941,Qina,65,1
942,Sawhaj,65,1
943,Sina al-Janubiyah,65,1
944,Sina ash-Shamaliyah,65,1
961,Ahuachapan,66,1
962,Cabanas,66,1
963,Chalatenango,66,1
964,Cuscatlan,66,1
965,La Libertad,66,1
966,La Paz,66,1
967,La Union,66,1
968,Morazan,66,1
969,San Miguel,66,1
970,San Salvador,66,1
971,San Vicente,66,1
972,Santa Ana,66,1
973,Sonsonate,66,1
974,Usulutan,66,1
975,Annobon,67,1
976,Bioko Norte,67,1
977,Bioko Sur,67,1
978,Centro Sur,67,1
979,Kie-Ntem,67,1
980,Litoral,67,1
981,Wele-Nzas,67,1
982,Anseba,68,1
983,Debub,68,1
984,Debub-Keih-Bahri,68,1
985,Gash-Barka,68,1
986,Maekel,68,1
987,Semien-Keih-Bahri,68,1
988,Harju,69,1
989,Hiiu,69,1
990,Ida-Viru,69,1
991,Jarva,69,1
992,Jogeva,69,1
993,Laane,69,1
994,Laane-Viru,69,1
995,Parnu,69,1
996,Polva,69,1
997,Rapla,69,1
998,Saare,69,1
999,Tartu,69,1
1000,Valga,69,1
1001,Viljandi,69,1
1002,Voru,69,1
1003,Addis Abeba,70,1
1004,Afar,70,1
1005,Amhara,70,1
1006,Benishangul,70,1
1007,Diredawa,70,1
1008,Gambella,70,1
1009,Harar,70,1
1010,Jigjiga,70,1
1011,Mekele,70,1
1012,Oromia,70,1
1013,Somali,70,1
1014,Southern,70,1
1015,Tigray,70,1
1016,Falkland Islands,71,1
1017,South Georgia,71,1
1018,Klaksvik,72,1
1019,Nor ara Eysturoy,72,1
1020,Nor oy,72,1
1021,Sandoy,72,1
1022,Streymoy,72,1
1023,Su uroy,72,1
1024,Sy ra Eysturoy,72,1
1025,Torshavn,72,1
1026,Vaga,72,1
1027,Central,73,1
1028,Eastern,73,1
1029,Northern,73,1
1030,South Pacific,73,1
1031,Western,73,1
1032,Ahvenanmaa,74,1
1033,Etela-Karjala,74,1
1034,Etela-Pohjanmaa,74,1
1035,Etela-Savo,74,1
1036,Etela-Suomen Laani,74,1
1037,Ita-Suomen Laani,74,1
1038,Ita-Uusimaa,74,1
1039,Kainuu,74,1
1040,Kanta-Hame,74,1
1041,Keski-Pohjanmaa,74,1
1042,Keski-Suomi,74,1
1043,Kymenlaakso,74,1
1044,Lansi-Suomen Laani,74,1
1045,Lappi,74,1
1046,Northern Savonia,74,1
1047,Ostrobothnia,74,1
1048,Oulun Laani,74,1
1049,Paijat-Hame,74,1
1050,Pirkanmaa,74,1
1051,Pohjanmaa,74,1
1052,Pohjois-Karjala,74,1
1053,Pohjois-Pohjanmaa,74,1
1054,Pohjois-Savo,74,1
1055,Saarijarvi,74,1
1056,Satakunta,74,1
1057,Southern Savonia,74,1
1058,Tavastia Proper,74,1
1059,Uleaborgs Lan,74,1
1060,Uusimaa,74,1
1061,Varsinais-Suomi,74,1
1062,Ain,75,1
1063,Aisne,75,1
1064,Albi Le Sequestre,75,1
1065,Allier,75,1
1066,Alpes-Cote dAzur,75,1
1068,Alpes-de-Haute-Provence,75,1
1067,Alpes-Maritimes,75,1
1069,Alsace,75,1
1070,Aquitaine,75,1
1071,Ardeche,75,1
1072,Ardennes,75,1
1073,Ariege,75,1
1074,Aube,75,1
1075,Aude,75,1
1076,Auvergne,75,1
1077,Aveyron,75,1
1078,Bas-Rhin,75,1
1079,Basse-Normandie,75,1
1080,Bouches-du-Rhone,75,1
1081,Bourgogne,75,1
1082,Bretagne,75,1
1083,Brittany,75,1
1084,Burgundy,75,1
1085,Calvados,75,1
1086,Cantal,75,1
1087,Cedex,75,1
1088,Centre,75,1
1089,Charente,75,1
1090,Charente-Maritime,75,1
1091,Cher,75,1
1092,Correze,75,1
1093,Corse-du-Sud,75,1
1094,Cote-d\'Or,75,1
1095,Cotes-d\'Armor,75,1
1096,Creuse,75,1
1097,Crolles,75,1
1098,Deux-Sevres,75,1
1099,Dordogne,75,1
1100,Doubs,75,1
1101,Drome,75,1
1102,Essonne,75,1
1103,Eure,75,1
1104,Eure-et-Loir,75,1
1105,Feucherolles,75,1
1106,Finistere,75,1
1107,Franche-Comte,75,1
1108,Gard,75,1
1109,Gers,75,1
1110,Gironde,75,1
1111,Haut-Rhin,75,1
1112,Haute-Corse,75,1
1113,Haute-Garonne,75,1
1114,Haute-Loire,75,1
1115,Haute-Marne,75,1
1116,Haute-Saone,75,1
1117,Haute-Savoie,75,1
1118,Haute-Vienne,75,1
1119,Hautes-Alpes,75,1
1120,Hautes-Pyrenees,75,1
1121,Hauts-de-Seine,75,1
1122,Herault,75,1
1123,Ile-de-France,75,1
1124,Ille-et-Vilaine,75,1
1125,Indre,75,1
1126,Indre-et-Loire,75,1
1127,Isere,75,1
1128,Jura,75,1
1129,Klagenfurt,75,1
1130,Landes,75,1
1131,Languedoc-Roussillon,75,1
1132,Larcay,75,1
1133,Le Castellet,75,1
1134,Le Creusot,75,1
1135,Limousin,75,1
1136,Loir-et-Cher,75,1
1137,Loire,75,1
1138,Loire-Atlantique,75,1
1139,Loiret,75,1
1140,Lorraine,75,1
1141,Lot,75,1
1142,Lot-et-Garonne,75,1
1143,Lower Normandy,75,1
1144,Lozere,75,1
1145,Maine-et-Loire,75,1
1146,Manche,75,1
1147,Marne,75,1
1148,Mayenne,75,1
1149,Meurthe-et-Moselle,75,1
1150,Meuse,75,1
1151,Midi-Pyrenees,75,1
1152,Morbihan,75,1
1153,Moselle,75,1
1154,Nievre,75,1
1155,Nord,75,1
1156,Nord-Pas-de-Calais,75,1
1157,Oise,75,1
1158,Orne,75,1
1159,Paris,75,1
1160,Pas-de-Calais,75,1
1161,Pays de la Loire,75,1
1162,Pays-de-la-Loire,75,1
1163,Picardy,75,1
1164,Puy-de-Dome,75,1
1165,Pyrenees-Atlantiques,75,1
1166,Pyrenees-Orientales,75,1
1167,Quelmes,75,1
1168,Rhone,75,1
1169,Rhone-Alpes,75,1
1170,Saint Ouen,75,1
1171,Saint Viatre,75,1
1172,Saone-et-Loire,75,1
1173,Sarthe,75,1
1174,Savoie,75,1
1177,Seine-et-Marne,75,1
1175,Seine-Maritime,75,1
1176,Seine-Saint-Denis,75,1
1178,Somme,75,1
1179,Sophia Antipolis,75,1
1180,Souvans,75,1
1181,Tarn,75,1
1182,Tarn-et-Garonne,75,1
1183,Territoire de Belfort,75,1
1184,Treignac,75,1
1185,Upper Normandy,75,1
1187,Val-de-Marne,75,1
1186,Val-d\'Oise,75,1
1188,Var,75,1
1189,Vaucluse,75,1
1190,Vellise,75,1
1191,Vendee,75,1
1192,Vienne,75,1
1193,Vosges,75,1
1194,Yonne,75,1
1195,Yvelines,75,1
1196,Cayenne,76,1
1197,Saint-Laurent-du-Maroni,76,1
1198,Iles du Vent,77,1
1199,Iles sous le Vent,77,1
1200,Marquesas,77,1
1201,Tuamotu,77,1
1202,Tubuai,77,1
1203,Amsterdam,78,1
1204,Crozet Islands,78,1
1205,Kerguelen,78,1
1206,Estuaire,79,1
1207,Haut-Ogooue,79,1
1208,Moyen-Ogooue,79,1
1209,Ngounie,79,1
1210,Nyanga,79,1
1211,Ogooue-Ivindo,79,1
1212,Ogooue-Lolo,79,1
1213,Ogooue-Maritime,79,1
1214,Woleu-Ntem,79,1
1215,Banjul,80,1
1216,Basse,80,1
1217,Brikama,80,1
1218,Janjanbureh,80,1
1219,Kanifing,80,1
1220,Kerewan,80,1
1221,Kuntaur,80,1
1222,Mansakonko,80,1
1223,Abhasia,81,1
1224,Ajaria,81,1
1225,Guria,81,1
1226,Imereti,81,1
1227,Kaheti,81,1
1228,Kvemo Kartli,81,1
1229,Mcheta-Mtianeti,81,1
1230,Racha,81,1
1231,Samagrelo-Zemo Svaneti,81,1
1232,Samche-Zhavaheti,81,1
1233,Shida Kartli,81,1
1234,Tbilisi,81,1
1235,Auvergne,82,1
1236,Baden-Wurttemberg,82,1
1237,Bavaria,82,1
1238,Bayern,82,1
1239,Beilstein Wurtt,82,1
1240,Berlin,82,1
1241,Brandenburg,82,1
1242,Bremen,82,1
1243,Dreisbach,82,1
1244,Freistaat Bayern,82,1
1245,Hamburg,82,1
1246,Hannover,82,1
1247,Heroldstatt,82,1
1248,Hessen,82,1
1249,Kortenberg,82,1
1250,Laasdorf,82,1
1251,Land Baden-Wurttemberg,82,1
1252,Land Bayern,82,1
1253,Land Brandenburg,82,1
1254,Land Hessen,82,1
1255,Land Mecklenburg-Vorpommern,82,1
1256,Land Nordrhein-Westfalen,82,1
1257,Land Rheinland-Pfalz,82,1
1258,Land Sachsen,82,1
1259,Land Sachsen-Anhalt,82,1
1260,Land Thuringen,82,1
1261,Lower Saxony,82,1
1262,Mecklenburg-Vorpommern,82,1
1263,Mulfingen,82,1
1264,Munich,82,1
1265,Neubeuern,82,1
1266,Niedersachsen,82,1
1267,Noord-Holland,82,1
1268,Nordrhein-Westfalen,82,1
1269,North Rhine-Westphalia,82,1
1270,Osterode,82,1
1271,Rheinland-Pfalz,82,1
1272,Rhineland-Palatinate,82,1
1273,Saarland,82,1
1274,Sachsen,82,1
1275,Sachsen-Anhalt,82,1
1276,Saxony,82,1
1277,Schleswig-Holstein,82,1
1281,schlobborn,82,1
1278,Thuringia,82,1
1279,Webling,82,1
1280,Weinstrabe,82,1
1282,Ashanti,83,1
1283,Brong-Ahafo,83,1
1284,Central,83,1
1285,Eastern,83,1
1286,Greater Accra,83,1
1287,Northern,83,1
1288,Upper East,83,1
1289,Upper West,83,1
1290,Volta,83,1
1291,Western,83,1
1292,Gibraltar,84,1
1293,Acharnes,85,1
1294,Ahaia,85,1
1295,Aitolia kai Akarnania,85,1
1296,Argolis,85,1
1297,Arkadia,85,1
1298,Arta,85,1
1299,Attica,85,1
1300,Attiki,85,1
1301,Ayion Oros,85,1
1302,Crete,85,1
1303,Dodekanisos,85,1
1304,Drama,85,1
1305,Evia,85,1
1306,Evritania,85,1
1307,Evros,85,1
1308,Evvoia,85,1
1309,Florina,85,1
1310,Fokis,85,1
1311,Fthiotis,85,1
1312,Grevena,85,1
1313,Halandri,85,1
1314,Halkidiki,85,1
1315,Hania,85,1
1316,Heraklion,85,1
1317,Hios,85,1
1318,Ilia,85,1
1319,Imathia,85,1
1320,Ioannina,85,1
1321,Iraklion,85,1
1322,Karditsa,85,1
1323,Kastoria,85,1
1324,Kavala,85,1
1325,Kefallinia,85,1
1326,Kerkira,85,1
1327,Kiklades,85,1
1328,Kilkis,85,1
1329,Korinthia,85,1
1330,Kozani,85,1
1331,Lakonia,85,1
1332,Larisa,85,1
1333,Lasithi,85,1
1334,Lesvos,85,1
1335,Levkas,85,1
1336,Magnisia,85,1
1337,Messinia,85,1
1338,Nomos Attikis,85,1
1339,Nomos Zakynthou,85,1
1340,Pella,85,1
1341,Pieria,85,1
1342,Piraios,85,1
1343,Preveza,85,1
1344,Rethimni,85,1
1345,Rodopi,85,1
1346,Samos,85,1
1347,Serrai,85,1
1348,Thesprotia,85,1
1349,Thessaloniki,85,1
1350,Trikala,85,1
1351,Voiotia,85,1
1352,West Greece,85,1
1353,Xanthi,85,1
1354,Zakinthos,85,1
1355,Aasiaat,86,1
1356,Ammassalik,86,1
1357,Illoqqortoormiut,86,1
1358,Ilulissat,86,1
1359,Ivittuut,86,1
1360,Kangaatsiaq,86,1
1361,Maniitsoq,86,1
1362,Nanortalik,86,1
1363,Narsaq,86,1
1364,Nuuk,86,1
1365,Paamiut,86,1
1366,Qaanaaq,86,1
1367,Qaqortoq,86,1
1368,Qasigiannguit,86,1
1369,Qeqertarsuaq,86,1
1370,Sisimiut,86,1
1371,Udenfor kommunal inddeling,86,1
1372,Upernavik,86,1
1373,Uummannaq,86,1
1374,Carriacou-Petite Martinique,87,1
1375,Saint Andrew,87,1
1376,Saint Davids,87,1
1377,Saint George\'s,87,1
1378,Saint John,87,1
1379,Saint Mark,87,1
1380,Saint Patrick,87,1
1381,Basse-Terre,88,1
1382,Grande-Terre,88,1
1383,Iles des Saintes,88,1
1384,La Desirade,88,1
1385,Marie-Galante,88,1
1386,Saint Barthelemy,88,1
1387,Saint Martin,88,1
1388,Agana Heights,89,1
1389,Agat,89,1
1390,Barrigada,89,1
1391,Chalan-Pago-Ordot,89,1
1392,Dededo,89,1
1393,Hagatna,89,1
1394,Inarajan,89,1
1395,Mangilao,89,1
1396,Merizo,89,1
1397,Mongmong-Toto-Maite,89,1
1398,Santa Rita,89,1
1399,Sinajana,89,1
1400,Talofofo,89,1
1401,Tamuning,89,1
1402,Yigo,89,1
1403,Yona,89,1
1404,Alta Verapaz,90,1
1405,Baja Verapaz,90,1
1406,Chimaltenango,90,1
1407,Chiquimula,90,1
1408,El Progreso,90,1
1409,Escuintla,90,1
1410,Guatemala,90,1
1411,Huehuetenango,90,1
1412,Izabal,90,1
1413,Jalapa,90,1
1414,Jutiapa,90,1
1415,Peten,90,1
1416,Quezaltenango,90,1
1417,Quiche,90,1
1418,Retalhuleu,90,1
1419,Sacatepequez,90,1
1420,San Marcos,90,1
1421,Santa Rosa,90,1
1422,Solola,90,1
1423,Suchitepequez,90,1
1424,Totonicapan,90,1
1425,Zacapa,90,1
1426,Alderney,91,1
1427,Castel,91,1
1428,Forest,91,1
1429,Saint Andrew,91,1
1430,Saint Martin,91,1
1431,Saint Peter Port,91,1
1432,Saint Pierre du Bois,91,1
1433,Saint Sampson,91,1
1434,Saint Saviour,91,1
1435,Sark,91,1
1436,Torteval,91,1
1437,Vale,91,1
1438,Beyla,92,1
1439,Boffa,92,1
1440,Boke,92,1
1441,Conakry,92,1
1442,Coyah,92,1
1443,Dabola,92,1
1444,Dalaba,92,1
1445,Dinguiraye,92,1
1446,Faranah,92,1
1447,Forecariah,92,1
1448,Fria,92,1
1449,Gaoual,92,1
1450,Gueckedou,92,1
1451,Kankan,92,1
1452,Kerouane,92,1
1453,Kindia,92,1
1454,Kissidougou,92,1
1455,Koubia,92,1
1456,Koundara,92,1
1457,Kouroussa,92,1
1458,Labe,92,1
1459,Lola,92,1
1460,Macenta,92,1
1461,Mali,92,1
1462,Mamou,92,1
1463,Mandiana,92,1
1464,Nzerekore,92,1
1465,Pita,92,1
1466,Siguiri,92,1
1467,Telimele,92,1
1468,Tougue,92,1
1469,Yomou,92,1
1470,Bafata,93,1
1471,Bissau,93,1
1472,Bolama,93,1
1473,Cacheu,93,1
1474,Gabu,93,1
1475,Oio,93,1
1476,Quinara,93,1
1477,Tombali,93,1
1478,Barima-Waini,94,1
1479,Cuyuni-Mazaruni,94,1
1480,Demerara-Mahaica,94,1
1481,East Berbice-Corentyne,94,1
1482,Essequibo Islands-West Demerar,94,1
1483,Mahaica-Berbice,94,1
1484,Pomeroon-Supenaam,94,1
1485,Potaro-Siparuni,94,1
1486,Upper Demerara-Berbice,94,1
1487,Upper Takutu-Upper Essequibo,94,1
1488,Artibonite,95,1
1489,Centre,95,1
1490,Grand\'Anse,95,1
1491,Nord,95,1
1492,Nord-Est,95,1
1493,Nord-Ouest,95,1
1494,Ouest,95,1
1495,Sud,95,1
1496,Sud-Est,95,1
1497,Heard and McDonald Islands,96,1
1498,Atlantida,97,1
1499,Choluteca,97,1
1500,Colon,97,1
1501,Comayagua,97,1
1502,Copan,97,1
1503,Cortes,97,1
1504,Distrito Central,97,1
1505,El Paraiso,97,1
1506,Francisco Morazan,97,1
1507,Gracias a Dios,97,1
1508,Intibuca,97,1
1509,Islas de la Bahia,97,1
1510,La Paz,97,1
1511,Lempira,97,1
1512,Ocotepeque,97,1
1513,Olancho,97,1
1514,Santa Barbara,97,1
1515,Valle,97,1
1516,Yoro,97,1
1517,Hong Kong,98,1
1518,Bacs-Kiskun,99,1
1519,Baranya,99,1
1520,Bekes,99,1
1521,Borsod-Abauj-Zemplen,99,1
1522,Budapest,99,1
1523,Csongrad,99,1
1524,Fejer,99,1
1525,Gyor-Moson-Sopron,99,1
1526,Hajdu-Bihar,99,1
1527,Heves,99,1
1528,Jasz-Nagykun-Szolnok,99,1
1529,Komarom-Esztergom,99,1
1530,Nograd,99,1
1531,Pest,99,1
1532,Somogy,99,1
1533,Szabolcs-Szatmar-Bereg,99,1
1534,Tolna,99,1
1535,Vas,99,1
1536,Veszprem,99,1
1537,Zala,99,1
1538,Austurland,100,1
1539,Gullbringusysla,100,1
1540,Hofu borgarsva i,100,1
1541,Nor urland eystra,100,1
1542,Nor urland vestra,100,1
1543,Su urland,100,1
1544,Su urnes,100,1
1545,Vestfir ir,100,1
1546,Vesturland,100,1
1547,Andaman and Nicobar Islands,101,1
1548,Andhra Pradesh,101,1
1549,Arunachal Pradesh,101,1
1550,Assam,101,1
1551,Bihar,101,1
1552,Chandigarh,101,1
1553,Chhattisgarh,101,1
1554,Dadra and Nagar Haveli,101,1
1555,Daman and Diu,101,1
1556,Delhi,101,1
1557,Goa,101,1
1558,Gujarat,101,1
1559,Haryana,101,1
1560,Himachal Pradesh,101,1
1561,Jammu and Kashmir,101,1
1562,Jharkhand,101,1
1563,Karnataka,101,1
1565,Kerala,101,1
1566,Lakshadweep,101,1
1567,Madhya Pradesh,101,1
1568,Maharashtra,101,1
1569,Manipur,101,1
1570,Meghalaya,101,1
1571,Mizoram,101,1
1572,Nagaland,101,1
1573,Narora,101,1
1574,Natwar,101,1
1575,Odisha,101,1
1577,Pondicherry,101,1
1578,Punjab,101,1
1579,Rajasthan,101,1
1580,Sikkim,101,1
1581,Tamil Nadu,101,1
1582,Telangana,101,1
1583,Tripura,101,1
1584,Uttar Pradesh,101,1
1585,Uttarakhand,101,1
1586,Vaishali,101,1
1587,West Bengal,101,1
1588,Aceh,102,1
1589,Bali,102,1
1590,Bangka-Belitung,102,1
1591,Banten,102,1
1592,Bengkulu,102,1
1593,Gandaria,102,1
1594,Gorontalo,102,1
1595,Jakarta,102,1
1596,Jambi,102,1
1597,Jawa Barat,102,1
1598,Jawa Tengah,102,1
1599,Jawa Timur,102,1
1600,Kalimantan Barat,102,1
1601,Kalimantan Selatan,102,1
1602,Kalimantan Tengah,102,1
1603,Kalimantan Timur,102,1
1604,Kendal,102,1
1605,Lampung,102,1
1606,Maluku,102,1
1607,Maluku Utara,102,1
1608,Nusa Tenggara Barat,102,1
1609,Nusa Tenggara Timur,102,1
1610,Papua,102,1
1611,Riau,102,1
1612,Riau Kepulauan,102,1
1613,Solo,102,1
1614,Sulawesi Selatan,102,1
1615,Sulawesi Tengah,102,1
1616,Sulawesi Tenggara,102,1
1617,Sulawesi Utara,102,1
1618,Sumatera Barat,102,1
1619,Sumatera Selatan,102,1
1620,Sumatera Utara,102,1
1621,Yogyakarta,102,1
1622,Ardabil,103,1
1623,Azarbayjan-e Bakhtari,103,1
1624,Azarbayjan-e Khavari,103,1
1625,Bushehr,103,1
1626,Chahar Mahal-e Bakhtiari,103,1
1627,Esfahan,103,1
1628,Fars,103,1
1629,Gilan,103,1
1630,Golestan,103,1
1631,Hamadan,103,1
1632,Hormozgan,103,1
1633,Ilam,103,1
1634,Kerman,103,1
1635,Kermanshah,103,1
1636,Khorasan,103,1
1637,Khuzestan,103,1
1638,Kohgiluyeh-e Boyerahmad,103,1
1639,Kordestan,103,1
1640,Lorestan,103,1
1641,Markazi,103,1
1642,Mazandaran,103,1
1643,Ostan-e Esfahan,103,1
1644,Qazvin,103,1
1645,Qom,103,1
1646,Semnan,103,1
1647,Sistan-e Baluchestan,103,1
1648,Tehran,103,1
1649,Yazd,103,1
1650,Zanjan,103,1
1664,al-Anbar,104,1
1665,al-Basrah,104,1
1666,al-Muthanna,104,1
1667,al-Qadisiyah,104,1
1668,an-Najaf,104,1
1669,as-Sulaymaniyah,104,1
1670,at-Ta\'mim,104,1
1651,Babil,104,1
1652,Baghdad,104,1
1653,Dahuk,104,1
1654,Dhi Qar,104,1
1655,Diyala,104,1
1656,Erbil,104,1
1657,Irbil,104,1
1658,Karbala,104,1
1659,Kurdistan,104,1
1660,Maysan,104,1
1661,Ninawa,104,1
1662,Salah-ad-Din,104,1
1663,Wasit,104,1
1671,Armagh,105,1
1672,Carlow,105,1
1673,Cavan,105,1
1674,Clare,105,1
1675,Cork,105,1
1676,Donegal,105,1
1677,Dublin,105,1
1678,Galway,105,1
1679,Kerry,105,1
1680,Kildare,105,1
1681,Kilkenny,105,1
1682,Laois,105,1
1683,Leinster,105,1
1684,Leitrim,105,1
1685,Limerick,105,1
1686,Loch Garman,105,1
1687,Longford,105,1
1688,Louth,105,1
1689,Mayo,105,1
1690,Meath,105,1
1691,Monaghan,105,1
1692,Offaly,105,1
1693,Roscommon,105,1
1694,Sligo,105,1
1695,Tipperary North Riding,105,1
1696,Tipperary South Riding,105,1
1697,Ulster,105,1
1698,Waterford,105,1
1699,Westmeath,105,1
1700,Wexford,105,1
1701,Wicklow,105,1
1702,Beit Hanania,106,1
1703,Ben Gurion Airport,106,1
1704,Bethlehem,106,1
1705,Caesarea,106,1
1706,Centre,106,1
1707,Gaza,106,1
1708,Hadaron,106,1
1709,Haifa District,106,1
1710,Hamerkaz,106,1
1711,Hazafon,106,1
1712,Hebron,106,1
1713,Jaffa,106,1
1714,Jerusalem,106,1
1715,Khefa,106,1
1716,Kiryat Yam,106,1
1717,Lower Galilee,106,1
1718,Qalqilya,106,1
1719,Talme Elazar,106,1
1720,Tel Aviv,106,1
1721,Tsafon,106,1
1722,Umm El Fahem,106,1
1723,Yerushalayim,106,1
1724,Abruzzi,107,1
1725,Abruzzo,107,1
1726,Agrigento,107,1
1727,Alessandria,107,1
1728,Ancona,107,1
1729,Arezzo,107,1
1730,Ascoli Piceno,107,1
1731,Asti,107,1
1732,Avellino,107,1
1733,Bari,107,1
1734,Basilicata,107,1
1735,Belluno,107,1
1736,Benevento,107,1
1737,Bergamo,107,1
1738,Biella,107,1
1739,Bologna,107,1
1740,Bolzano,107,1
1741,Brescia,107,1
1742,Brindisi,107,1
1743,Calabria,107,1
1744,Campania,107,1
1745,Cartoceto,107,1
1746,Caserta,107,1
1747,Catania,107,1
1748,Chieti,107,1
1749,Como,107,1
1750,Cosenza,107,1
1751,Cremona,107,1
1752,Cuneo,107,1
1753,Emilia-Romagna,107,1
1754,Ferrara,107,1
1755,Firenze,107,1
1756,Florence,107,1
1757,Forli-Cesena ,107,1
1758,Friuli-Venezia Giulia,107,1
1759,Frosinone,107,1
1760,Genoa,107,1
1761,Gorizia,107,1
4029,Kosovo,107,1
1763,Lazio,107,1
1764,Lecce,107,1
1765,Lecco,107,1
1766,Lecco Province,107,1
1767,Liguria,107,1
1768,Lodi,107,1
1769,Lombardia,107,1
1770,Lombardy,107,1
1762,L\'Aquila,107,1
1771,Macerata,107,1
1772,Mantova,107,1
1773,Marche,107,1
1774,Messina,107,1
1775,Milan,107,1
1776,Modena,107,1
1777,Molise,107,1
1778,Molteno,107,1
1779,Montenegro,107,1
1780,Monza and Brianza,107,1
1781,Naples,107,1
1782,Novara,107,1
1783,Padova,107,1
1784,Parma,107,1
1785,Pavia,107,1
1786,Perugia,107,1
1787,Pesaro-Urbino,107,1
1788,Piacenza,107,1
1789,Piedmont,107,1
1790,Piemonte,107,1
1791,Pisa,107,1
1792,Pordenone,107,1
1793,Potenza,107,1
1794,Puglia,107,1
1795,Reggio Emilia,107,1
1796,Rimini,107,1
1797,Roma,107,1
1798,Salerno,107,1
1799,Sardegna,107,1
1800,Sassari,107,1
1801,Savona,107,1
1802,Sicilia,107,1
1803,Siena,107,1
1804,Sondrio,107,1
1805,South Tyrol,107,1
1806,Taranto,107,1
1807,Teramo,107,1
1808,Torino,107,1
1809,Toscana,107,1
1810,Trapani,107,1
1811,Trentino-Alto Adige,107,1
1812,Trento,107,1
1813,Treviso,107,1
1814,Udine,107,1
1815,Umbria,107,1
1816,Valle d\'Aosta,107,1
1817,Varese,107,1
1818,Veneto,107,1
1819,Venezia,107,1
1820,Verbano-Cusio-Ossola,107,1
1821,Vercelli,107,1
1822,Verona,107,1
1823,Vicenza,107,1
1824,Viterbo,107,1
1825,Buxoro Viloyati,108,1
1826,Clarendon,108,1
1827,Hanover,108,1
1828,Kingston,108,1
1829,Manchester,108,1
1830,Portland,108,1
1831,Saint Andrews,108,1
1832,Saint Ann,108,1
1833,Saint Catherine,108,1
1834,Saint Elizabeth,108,1
1835,Saint James,108,1
1836,Saint Mary,108,1
1837,Saint Thomas,108,1
1838,Trelawney,108,1
1839,Westmoreland,108,1
1840,Aichi,109,1
1841,Akita,109,1
1842,Aomori,109,1
1843,Chiba,109,1
1844,Ehime,109,1
1845,Fukui,109,1
1846,Fukuoka,109,1
1847,Fukushima,109,1
1848,Gifu,109,1
1849,Gumma,109,1
1850,Hiroshima,109,1
1851,Hokkaido,109,1
1852,Hyogo,109,1
1853,Ibaraki,109,1
1854,Ishikawa,109,1
1855,Iwate,109,1
1856,Kagawa,109,1
1857,Kagoshima,109,1
1858,Kanagawa,109,1
1859,Kanto,109,1
1860,Kochi,109,1
1861,Kumamoto,109,1
1862,Kyoto,109,1
1863,Mie,109,1
1864,Miyagi,109,1
1865,Miyazaki,109,1
1866,Nagano,109,1
1867,Nagasaki,109,1
1868,Nara,109,1
1869,Niigata,109,1
1870,Oita,109,1
1871,Okayama,109,1
1872,Okinawa,109,1
1873,Osaka,109,1
1874,Saga,109,1
1875,Saitama,109,1
1876,Shiga,109,1
1877,Shimane,109,1
1878,Shizuoka,109,1
1879,Tochigi,109,1
1880,Tokushima,109,1
1881,Tokyo,109,1
1882,Tottori,109,1
1883,Toyama,109,1
1884,Wakayama,109,1
1885,Yamagata,109,1
1886,Yamaguchi,109,1
1887,Yamanashi,109,1
1888,Grouville,110,1
1889,Saint Brelade,110,1
1890,Saint Clement,110,1
1891,Saint Helier,110,1
1892,Saint John,110,1
1893,Saint Lawrence,110,1
1894,Saint Martin,110,1
1895,Saint Mary,110,1
1896,Saint Peter,110,1
1897,Saint Saviour,110,1
1898,Trinity,110,1
1906,al-Balqa\',111,1
1907,al-Karak,111,1
1908,al-Mafraq,111,1
1905,al-\'Aqabah,111,1
1900,Amman,111,1
1909,at-Tafilah,111,1
1910,az-Zarqa\',111,1
1901,Irbid,111,1
1902,Jarash,111,1
1904,Madaba,111,1
1903,Ma\'an,111,1
1899,\'Ajlun,111,1
1911,Akmecet,112,1
1912,Akmola,112,1
1913,Aktobe,112,1
1914,Almati,112,1
1915,Atirau,112,1
1916,Batis Kazakstan,112,1
1917,Burlinsky Region,112,1
1918,Karagandi,112,1
1919,Kostanay,112,1
1920,Mankistau,112,1
1921,Ontustik Kazakstan,112,1
1922,Pavlodar,112,1
1923,Sigis Kazakstan,112,1
1924,Soltustik Kazakstan,112,1
1925,Taraz,112,1
1926,Central,113,1
1927,Coast,113,1
1928,Eastern,113,1
1929,Nairobi,113,1
1930,North Eastern,113,1
1931,Nyanza,113,1
1932,Rift Valley,113,1
1933,Western,113,1
1934,Abaiang,114,1
1935,Abemana,114,1
1936,Aranuka,114,1
1937,Arorae,114,1
1938,Banaba,114,1
1939,Beru,114,1
1940,Butaritari,114,1
1941,Kiritimati,114,1
1942,Kuria,114,1
1943,Maiana,114,1
1944,Makin,114,1
1945,Marakei,114,1
1946,Nikunau,114,1
1947,Nonouti,114,1
1948,Onotoa,114,1
1949,Phoenix Islands,114,1
1950,Tabiteuea North,114,1
1951,Tabiteuea South,114,1
1952,Tabuaeran,114,1
1953,Tamana,114,1
1954,Tarawa North,114,1
1955,Tarawa South,114,1
1956,Teraina,114,1
1957,Busan,116,1
1958,Cheju,116,1
1959,Chollabuk,116,1
1960,Chollanam,116,1
1961,Chungbuk,116,1
1962,Chungcheongbuk,116,1
1963,Chungcheongnam,116,1
1964,Chungnam,116,1
1965,Daegu,116,1
1966,Gangwon-do,116,1
1967,Goyang-si,116,1
1990,gwangyoksi,116,1
1968,Gyeonggi-do,116,1
1969,Gyeongsang ,116,1
1970,Gyeongsangnam-do,116,1
1971,Incheon,116,1
1972,Jeju-Si,116,1
1973,Jeonbuk,116,1
1974,Kangweon,116,1
1975,Kwangju,116,1
1976,Kyeonggi,116,1
1977,Kyeongsangbuk,116,1
1978,Kyeongsangnam,116,1
1979,Kyonggi-do,116,1
1980,Kyungbuk-Do,116,1
1981,Kyunggi-Do,116,1
1982,Pusan,116,1
1983,Seoul,116,1
1984,Sudogwon,116,1
1985,Taegu,116,1
1986,Taejeon,116,1
1987,Taejon-gwangyoksi,116,1
1988,Ulsan,116,1
1989,Wonju,116,1
1991,Al Asimah,117,1
1997,al-Ahmadi,117,1
1998,al-Farwaniyah,117,1
1999,al-Jahra,117,1
2000,al-Kuwayt,117,1
1992,Hawalli,117,1
1993,Mishref,117,1
1994,Qadesiya,117,1
1995,Safat,117,1
1996,Salmiya,117,1
2001,Batken,118,1
2002,Bishkek,118,1
2003,Chui,118,1
2004,Issyk-Kul,118,1
2005,Jalal-Abad,118,1
2006,Naryn,118,1
2007,Osh,118,1
2008,Talas,118,1
2009,Attopu,119,1
2010,Bokeo,119,1
2011,Bolikhamsay,119,1
2012,Champasak,119,1
2013,Houaphanh,119,1
2014,Khammouane,119,1
2015,Luang Nam Tha,119,1
2016,Luang Prabang,119,1
2017,Oudomxay,119,1
2018,Phongsaly,119,1
2019,Saravan,119,1
2020,Savannakhet,119,1
2021,Sekong,119,1
2022,Viangchan Prefecture,119,1
2023,Viangchan Province,119,1
2024,Xaignabury,119,1
2025,Xiang Khuang,119,1
2026,Aizkraukles,120,1
2027,Aluksnes,120,1
2028,Balvu,120,1
2029,Bauskas,120,1
2030,Cesu,120,1
2031,Daugavpils,120,1
2032,Daugavpils City,120,1
2033,Dobeles,120,1
2034,Gulbenes,120,1
2035,Jekabspils,120,1
2036,Jelgava,120,1
2037,Jelgavas,120,1
2038,Jurmala City,120,1
2039,Kraslavas,120,1
2040,Kuldigas,120,1
2041,Liepaja,120,1
2042,Liepajas,120,1
2043,Limbazhu,120,1
2044,Ludzas,120,1
2045,Madonas,120,1
2046,Ogres,120,1
2047,Preilu,120,1
2048,Rezekne,120,1
2049,Rezeknes,120,1
2050,Riga,120,1
2051,Rigas,120,1
2052,Saldus,120,1
2053,Talsu,120,1
2054,Tukuma,120,1
2055,Valkas,120,1
2056,Valmieras,120,1
2057,Ventspils,120,1
2058,Ventspils City,120,1
2064,al-Biqa,121,1
2065,al-Janub,121,1
2066,an-Nabatiyah,121,1
2067,ash-Shamal,121,1
2059,Beirut,121,1
2060,Jabal Lubnan,121,1
2061,Mohafazat Liban-Nord,121,1
2062,Mohafazat Mont-Liban,121,1
2063,Sidon,121,1
2068,Berea,122,1
2069,Butha-Buthe,122,1
2070,Leribe,122,1
2071,Mafeteng,122,1
2072,Maseru,122,1
2073,Mohale\'s Hoek,122,1
2074,Mokhotlong,122,1
2075,Qacha\'s Nek,122,1
2076,Quthing,122,1
2077,Thaba-Tseka,122,1
2078,Bomi,123,1
2079,Bong,123,1
2080,Grand Bassa,123,1
2081,Grand Cape Mount,123,1
2082,Grand Gedeh,123,1
2083,Loffa,123,1
2084,Margibi,123,1
2085,Maryland and Grand Kru,123,1
2086,Montserrado,123,1
2087,Nimba,123,1
2088,Rivercess,123,1
2089,Sinoe,123,1
2090,Ajdabiya,124,1
2107,al-Fatih,124,1
2108,al-Jabal al Akhdar,124,1
2109,al-Jufrah,124,1
2110,al-Khums,124,1
2111,al-Kufrah,124,1
2106,al-\'Aziziyah,124,1
2112,an-Nuqat al-Khams,124,1
2113,ash-Shati\',124,1
2114,az-Zawiyah,124,1
2091,Banghazi,124,1
2092,Darnah,124,1
2093,Ghadamis,124,1
2094,Gharyan,124,1
2095,Misratah,124,1
2096,Murzuq,124,1
2097,Sabha,124,1
2098,Sawfajjin,124,1
2099,Surt,124,1
2100,Tarabulus,124,1
2101,Tarhunah,124,1
2102,Tripolitania,124,1
2103,Tubruq,124,1
2104,Yafran,124,1
2105,Zlitan,124,1
2115,Balzers,125,1
2116,Eschen,125,1
2117,Gamprin,125,1
2118,Mauren,125,1
2119,Planken,125,1
2120,Ruggell,125,1
2121,Schaan,125,1
2122,Schellenberg,125,1
2123,Triesen,125,1
2124,Triesenberg,125,1
2125,Vaduz,125,1
2126,Alytaus,126,1
2127,Anyksciai,126,1
2128,Kauno,126,1
2129,Klaipedos,126,1
2130,Marijampoles,126,1
2131,Panevezhio,126,1
2132,Panevezys,126,1
2133,Shiauliu,126,1
2134,Taurages,126,1
2135,Telshiu,126,1
2136,Telsiai,126,1
2137,Utenos,126,1
2138,Vilniaus,126,1
2139,Capellen,127,1
2140,Clervaux,127,1
2141,Diekirch,127,1
2142,Echternach,127,1
2143,Esch-sur-Alzette,127,1
2144,Grevenmacher,127,1
2145,Luxembourg,127,1
2146,Mersch,127,1
2147,Redange,127,1
2148,Remich,127,1
2149,Vianden,127,1
2150,Wiltz,127,1
2151,Macau,128,1
2152,Berovo,129,1
2153,Bitola,129,1
2154,Brod,129,1
2155,Debar,129,1
2156,Delchevo,129,1
2157,Demir Hisar,129,1
2158,Gevgelija,129,1
2159,Gostivar,129,1
2160,Kavadarci,129,1
2161,Kichevo,129,1
2162,Kochani,129,1
2163,Kratovo,129,1
2164,Kriva Palanka,129,1
2165,Krushevo,129,1
2166,Kumanovo,129,1
2167,Negotino,129,1
2168,Ohrid,129,1
2169,Prilep,129,1
2170,Probishtip,129,1
2171,Radovish,129,1
2172,Resen,129,1
2173,Shtip,129,1
2174,Skopje,129,1
2175,Struga,129,1
2176,Strumica,129,1
2177,Sveti Nikole,129,1
2178,Tetovo,129,1
2179,Valandovo,129,1
2180,Veles,129,1
2181,Vinica,129,1
2182,Antananarivo,130,1
2183,Antsiranana,130,1
2184,Fianarantsoa,130,1
2185,Mahajanga,130,1
2186,Toamasina,130,1
2187,Toliary,130,1
2188,Balaka,131,1
2189,Blantyre City,131,1
2190,Chikwawa,131,1
2191,Chiradzulu,131,1
2192,Chitipa,131,1
2193,Dedza,131,1
2194,Dowa,131,1
2195,Karonga,131,1
2196,Kasungu,131,1
2197,Lilongwe City,131,1
2198,Machinga,131,1
2199,Mangochi,131,1
2200,Mchinji,131,1
2201,Mulanje,131,1
2202,Mwanza,131,1
2203,Mzimba,131,1
2204,Mzuzu City,131,1
2205,Nkhata Bay,131,1
2206,Nkhotakota,131,1
2207,Nsanje,131,1
2208,Ntcheu,131,1
2209,Ntchisi,131,1
2210,Phalombe,131,1
2211,Rumphi,131,1
2212,Salima,131,1
2213,Thyolo,131,1
2214,Zomba Municipality,131,1
2215,Johor,132,1
2216,Kedah,132,1
2217,Kelantan,132,1
2218,Kuala Lumpur,132,1
2219,Labuan,132,1
2220,Melaka,132,1
2221,Negeri Johor,132,1
2222,Negeri Sembilan,132,1
2223,Pahang,132,1
2224,Penang,132,1
2225,Perak,132,1
2226,Perlis,132,1
2227,Pulau Pinang,132,1
2228,Sabah,132,1
2229,Sarawak,132,1
2230,Selangor,132,1
2231,Sembilan,132,1
2232,Terengganu,132,1
2233,Alif Alif,133,1
2234,Alif Dhaal,133,1
2235,Baa,133,1
2236,Dhaal,133,1
2237,Faaf,133,1
2238,Gaaf Alif,133,1
2239,Gaaf Dhaal,133,1
2240,Ghaviyani,133,1
2241,Haa Alif,133,1
2242,Haa Dhaal,133,1
2243,Kaaf,133,1
2244,Laam,133,1
2245,Lhaviyani,133,1
2246,Male,133,1
2247,Miim,133,1
2248,Nuun,133,1
2249,Raa,133,1
2250,Shaviyani,133,1
2251,Siin,133,1
2252,Thaa,133,1
2253,Vaav,133,1
2254,Bamako,134,1
2255,Gao,134,1
2256,Kayes,134,1
2257,Kidal,134,1
2258,Koulikoro,134,1
2259,Mopti,134,1
2260,Segou,134,1
2261,Sikasso,134,1
2262,Tombouctou,134,1
2263,Gozo and Comino,135,1
2264,Inner Harbour,135,1
2265,Northern,135,1
2266,Outer Harbour,135,1
2267,South Eastern,135,1
2268,Valletta,135,1
2269,Western,135,1
2270,Castletown,136,1
2271,Douglas,136,1
2272,Laxey,136,1
2273,Onchan,136,1
2274,Peel,136,1
2275,Port Erin,136,1
2276,Port Saint Mary,136,1
2277,Ramsey,136,1
2278,Ailinlaplap,137,1
2279,Ailuk,137,1
2280,Arno,137,1
2281,Aur,137,1
2282,Bikini,137,1
2283,Ebon,137,1
2284,Enewetak,137,1
2285,Jabat,137,1
2286,Jaluit,137,1
2287,Kili,137,1
2288,Kwajalein,137,1
2289,Lae,137,1
2290,Lib,137,1
2291,Likiep,137,1
2292,Majuro,137,1
2293,Maloelap,137,1
2294,Mejit,137,1
2295,Mili,137,1
2296,Namorik,137,1
2297,Namu,137,1
2298,Rongelap,137,1
2299,Ujae,137,1
2300,Utrik,137,1
2301,Wotho,137,1
2302,Wotje,137,1
2303,Fort-de-France,138,1
2304,La Trinite,138,1
2305,Le Marin,138,1
2306,Saint-Pierre,138,1
2307,Adrar,139,1
2308,Assaba,139,1
2309,Brakna,139,1
2310,Dhakhlat Nawadibu,139,1
2311,Hudh-al-Gharbi,139,1
2312,Hudh-ash-Sharqi,139,1
2313,Inshiri,139,1
2314,Nawakshut,139,1
2315,Qidimagha,139,1
2316,Qurqul,139,1
2317,Taqant,139,1
2318,Tiris Zammur,139,1
2319,Trarza,139,1
2320,Black River,140,1
2321,Eau Coulee,140,1
2322,Flacq,140,1
2323,Floreal,140,1
2324,Grand Port,140,1
2325,Moka,140,1
2326,Pamplempousses,140,1
2327,Plaines Wilhelm,140,1
2328,Port Louis,140,1
2329,Riviere du Rempart,140,1
2330,Rodrigues,140,1
2331,Rose Hill,140,1
2332,Savanne,140,1
2333,Mayotte,141,1
2334,Pamanzi,141,1
2335,Aguascalientes,142,1
2336,Baja California,142,1
2337,Baja California Sur,142,1
2338,Campeche,142,1
2339,Chiapas,142,1
2340,Chihuahua,142,1
2341,Coahuila,142,1
2342,Colima,142,1
2343,Distrito Federal,142,1
2344,Durango,142,1
2345,Estado de Mexico,142,1
2346,Guanajuato,142,1
2347,Guerrero,142,1
2348,Hidalgo,142,1
2349,Jalisco,142,1
2350,Mexico,142,1
2351,Michoacan,142,1
2352,Morelos,142,1
2353,Nayarit,142,1
2354,Nuevo Leon,142,1
2355,Oaxaca,142,1
2356,Puebla,142,1
2357,Queretaro,142,1
2358,Quintana Roo,142,1
2359,San Luis Potosi,142,1
2360,Sinaloa,142,1
2361,Sonora,142,1
2362,Tabasco,142,1
2363,Tamaulipas,142,1
2364,Tlaxcala,142,1
2365,Veracruz,142,1
2366,Yucatan,142,1
2367,Zacatecas,142,1
2368,Chuuk,143,1
2369,Kusaie,143,1
2370,Pohnpei,143,1
2371,Yap,143,1
2372,Balti,144,1
2373,Cahul,144,1
2374,Chisinau,144,1
2375,Chisinau Oras,144,1
2376,Edinet,144,1
2377,Gagauzia,144,1
2378,Lapusna,144,1
2379,Orhei,144,1
2380,Soroca,144,1
2381,Taraclia,144,1
2382,Tighina,144,1
2383,Transnistria,144,1
2384,Ungheni,144,1
2385,Fontvieille,145,1
2386,La Condamine,145,1
2387,Monaco-Ville,145,1
2388,Monte Carlo,145,1
2389,Arhangaj,146,1
2390,Bajan-Olgij,146,1
2391,Bajanhongor,146,1
2392,Bulgan,146,1
2393,Darhan-Uul,146,1
2394,Dornod,146,1
2395,Dornogovi,146,1
2396,Dundgovi,146,1
2397,Govi-Altaj,146,1
2398,Govisumber,146,1
2399,Hentij,146,1
2400,Hovd,146,1
2401,Hovsgol,146,1
2402,Omnogovi,146,1
2403,Orhon,146,1
2404,Ovorhangaj,146,1
2405,Selenge,146,1
2406,Suhbaatar,146,1
2407,Tov,146,1
2408,Ulaanbaatar,146,1
2409,Uvs,146,1
2410,Zavhan,146,1
2411,Montserrat,148,1
2412,Agadir,149,1
2413,Casablanca,149,1
2414,Chaouia-Ouardigha,149,1
2415,Doukkala-Abda,149,1
2416,Fes-Boulemane,149,1
2417,Gharb-Chrarda-Beni Hssen,149,1
2418,Guelmim,149,1
2419,Kenitra,149,1
2420,Marrakech-Tensift-Al Haouz,149,1
2421,Meknes-Tafilalet,149,1
2422,Oriental,149,1
2423,Oujda,149,1
2424,Province de Tanger,149,1
2425,Rabat-Sale-Zammour-Zaer,149,1
2426,Sala Al Jadida,149,1
2427,Settat,149,1
2428,Souss Massa-Draa,149,1
2429,Tadla-Azilal,149,1
2430,Tangier-Tetouan,149,1
2431,Taza-Al Hoceima-Taounate,149,1
2432,Wilaya de Casablanca,149,1
2433,Wilaya de Rabat-Sale,149,1
2434,Cabo Delgado,150,1
2435,Gaza,150,1
2436,Inhambane,150,1
2437,Manica,150,1
2438,Maputo,150,1
2439,Maputo Provincia,150,1
2440,Nampula,150,1
2441,Niassa,150,1
2442,Sofala,150,1
2443,Tete,150,1
2444,Zambezia,150,1
2445,Ayeyarwady,151,1
2446,Bago,151,1
2447,Chin,151,1
2448,Kachin,151,1
2449,Kayah,151,1
2450,Kayin,151,1
2451,Magway,151,1
2452,Mandalay,151,1
2453,Mon,151,1
2454,Nay Pyi Taw,151,1
2455,Rakhine,151,1
2456,Sagaing,151,1
2457,Shan,151,1
2458,Tanintharyi,151,1
2459,Yangon,151,1
2460,Caprivi,152,1
2461,Erongo,152,1
2462,Hardap,152,1
2463,Karas,152,1
2464,Kavango,152,1
2465,Khomas,152,1
2466,Kunene,152,1
2467,Ohangwena,152,1
2468,Omaheke,152,1
2469,Omusati,152,1
2470,Oshana,152,1
2471,Oshikoto,152,1
2472,Otjozondjupa,152,1
2473,Yaren,153,1
2474,Bagmati,154,1
2475,Bheri,154,1
2476,Dhawalagiri,154,1
2477,Gandaki,154,1
2478,Janakpur,154,1
2479,Karnali,154,1
2480,Koshi,154,1
2481,Lumbini,154,1
2482,Mahakali,154,1
2483,Mechi,154,1
2484,Narayani,154,1
2485,Rapti,154,1
2486,Sagarmatha,154,1
2487,Seti,154,1
2488,Bonaire,155,1
2489,Curacao,155,1
2490,Saba,155,1
2491,Sint Eustatius,155,1
2492,Sint Maarten,155,1
2493,Amsterdam,156,1
2494,Benelux,156,1
2495,Drenthe,156,1
2496,Flevoland,156,1
2497,Friesland,156,1
2498,Gelderland,156,1
2499,Groningen,156,1
2500,Limburg,156,1
2501,Noord-Brabant,156,1
2502,Noord-Holland,156,1
2503,Overijssel,156,1
2504,South Holland,156,1
2505,Utrecht,156,1
2506,Zeeland,156,1
2507,Zuid-Holland,156,1
2508,Iles,157,1
2509,Nord,157,1
2510,Sud,157,1
2511,Area Outside Region,158,1
2512,Auckland,158,1
2513,Bay of Plenty,158,1
2514,Canterbury,158,1
2515,Christchurch,158,1
2516,Gisborne,158,1
2517,Hawke\'s Bay,158,1
2518,Manawatu-Wanganui,158,1
2519,Marlborough,158,1
2520,Nelson,158,1
2521,Northland,158,1
2522,Otago,158,1
2523,Rodney,158,1
2524,Southland,158,1
2525,Taranaki,158,1
2526,Tasman,158,1
2527,Waikato,158,1
2528,Wellington,158,1
2529,West Coast,158,1
2530,Atlantico Norte,159,1
2531,Atlantico Sur,159,1
2532,Boaco,159,1
2533,Carazo,159,1
2534,Chinandega,159,1
2535,Chontales,159,1
2536,Esteli,159,1
2537,Granada,159,1
2538,Jinotega,159,1
2539,Leon,159,1
2540,Madriz,159,1
2541,Managua,159,1
2542,Masaya,159,1
2543,Matagalpa,159,1
2544,Nueva Segovia,159,1
2545,Rio San Juan,159,1
2546,Rivas,159,1
2547,Agadez,160,1
2548,Diffa,160,1
2549,Dosso,160,1
2550,Maradi,160,1
2551,Niamey,160,1
2552,Tahoua,160,1
2553,Tillabery,160,1
2554,Zinder,160,1
2555,Abia,161,1
2556,Abuja Federal Capital Territor,161,1
2557,Adamawa,161,1
2558,Akwa Ibom,161,1
2559,Anambra,161,1
2560,Bauchi,161,1
2561,Bayelsa,161,1
2562,Benue,161,1
2563,Borno,161,1
2564,Cross River,161,1
2565,Delta,161,1
2566,Ebonyi,161,1
2567,Edo,161,1
2568,Ekiti,161,1
2569,Enugu,161,1
2570,Gombe,161,1
2571,Imo,161,1
2572,Jigawa,161,1
2573,Kaduna,161,1
2574,Kano,161,1
2575,Katsina,161,1
2576,Kebbi,161,1
2577,Kogi,161,1
2578,Kwara,161,1
2579,Lagos,161,1
2580,Nassarawa,161,1
2581,Niger,161,1
2582,Ogun,161,1
2583,Ondo,161,1
2584,Osun,161,1
2585,Oyo,161,1
2586,Plateau,161,1
2587,Rivers,161,1
2588,Sokoto,161,1
2589,Taraba,161,1
2590,Yobe,161,1
2591,Zamfara,161,1
2592,Niue,162,1
2593,Norfolk Island,163,1
2594,Northern Islands,164,1
2595,Rota,164,1
2596,Saipan,164,1
2597,Tinian,164,1
2598,Akershus,165,1
2599,Aust Agder,165,1
2620,stfold,165,1
2600,Bergen,165,1
2601,Buskerud,165,1
2602,Finnmark,165,1
2603,Hedmark,165,1
2604,Hordaland,165,1
2605,Moere og Romsdal,165,1
2606,Nord Trondelag,165,1
2607,Nordland,165,1
2608,Oestfold,165,1
2609,Oppland,165,1
2610,Oslo,165,1
2611,Rogaland,165,1
2612,Soer Troendelag,165,1
2613,Sogn og Fjordane,165,1
2614,Stavern,165,1
2615,Sykkylven,165,1
2616,Telemark,165,1
2617,Troms,165,1
2618,Vest Agder,165,1
2619,Vestfold,165,1
2627,ad-Dakhiliyah,166,1
2628,adh-Dhahirah,166,1
2621,Al Buraimi,166,1
2629,al-Batinah,166,1
2630,ash-Sharqiyah,166,1
2622,Dhufar,166,1
2623,Masqat,166,1
2624,Musandam,166,1
2625,Rusayl,166,1
2626,Wadi Kabir,166,1
2631,Baluchistan,167,1
2632,Federal Capital Area,167,1
2633,Federally administered Tribal ,167,1
2634,North-West Frontier,167,1
2635,Northern Areas,167,1
2636,Punjab,167,1
2637,Sind,167,1
2638,Aimeliik,168,1
2639,Airai,168,1
2640,Angaur,168,1
2641,Hatobohei,168,1
2642,Kayangel,168,1
2643,Koror,168,1
2644,Melekeok,168,1
2645,Ngaraard,168,1
2646,Ngardmau,168,1
2647,Ngaremlengui,168,1
2648,Ngatpang,168,1
2649,Ngchesar,168,1
2650,Ngerchelong,168,1
2651,Ngiwal,168,1
2652,Peleliu,168,1
2653,Sonsorol,168,1
2669,al-Khalil,169,1
2670,al-Quds,169,1
2654,Ariha,169,1
2655,Bayt Lahm,169,1
2656,Bethlehem,169,1
2657,Dayr-al-Balah,169,1
2658,Ghazzah,169,1
2659,Ghazzah ash-Shamaliyah,169,1
2660,Janin,169,1
2661,Khan Yunis,169,1
2662,Nabulus,169,1
2663,Qalqilyah,169,1
2664,Rafah,169,1
2665,Ram Allah wal-Birah,169,1
2666,Salfit,169,1
2667,Tubas,169,1
2668,Tulkarm,169,1
2671,Bocas del Toro,170,1
2672,Chiriqui,170,1
2673,Cocle,170,1
2674,Colon,170,1
2675,Darien,170,1
2676,Embera,170,1
2677,Herrera,170,1
2678,Kuna Yala,170,1
2679,Los Santos,170,1
2680,Ngobe Bugle,170,1
2681,Panama,170,1
2682,Veraguas,170,1
2683,East New Britain,171,1
2684,East Sepik,171,1
2685,Eastern Highlands,171,1
2686,Enga,171,1
2687,Fly River,171,1
2688,Gulf,171,1
2689,Madang,171,1
2690,Manus,171,1
2691,Milne Bay,171,1
2692,Morobe,171,1
2693,National Capital District,171,1
2694,New Ireland,171,1
2695,North Solomons,171,1
2696,Oro,171,1
2697,Sandaun,171,1
2698,Simbu,171,1
2699,Southern Highlands,171,1
2700,West New Britain,171,1
2701,Western Highlands,171,1
2702,Alto Paraguay,172,1
2703,Alto Parana,172,1
2704,Amambay,172,1
2705,Asuncion,172,1
2706,Boqueron,172,1
2707,Caaguazu,172,1
2708,Caazapa,172,1
2709,Canendiyu,172,1
2710,Central,172,1
2711,Concepcion,172,1
2712,Cordillera,172,1
2713,Guaira,172,1
2714,Itapua,172,1
2715,Misiones,172,1
2716,Neembucu,172,1
2717,Paraguari,172,1
2718,Presidente Hayes,172,1
2719,San Pedro,172,1
2720,Amazonas,173,1
2721,Ancash,173,1
2722,Apurimac,173,1
2723,Arequipa,173,1
2724,Ayacucho,173,1
2725,Cajamarca,173,1
2726,Cusco,173,1
2727,Huancavelica,173,1
2728,Huanuco,173,1
2729,Ica,173,1
2730,Junin,173,1
2731,La Libertad,173,1
2732,Lambayeque,173,1
2733,Lima y Callao,173,1
2734,Loreto,173,1
2735,Madre de Dios,173,1
2736,Moquegua,173,1
2737,Pasco,173,1
2738,Piura,173,1
2739,Puno,173,1
2740,San Martin,173,1
2741,Tacna,173,1
2742,Tumbes,173,1
2743,Ucayali,173,1
2744,Batangas,174,1
2745,Bicol,174,1
2746,Bulacan,174,1
2747,Cagayan,174,1
2748,Caraga,174,1
2749,Central Luzon,174,1
2750,Central Mindanao,174,1
2751,Central Visayas,174,1
2752,Cordillera,174,1
2753,Davao,174,1
2754,Eastern Visayas,174,1
2755,Greater Metropolitan Area,174,1
2756,Ilocos,174,1
2757,Laguna,174,1
2758,Luzon,174,1
2759,Mactan,174,1
2760,Metropolitan Manila Area,174,1
2761,Muslim Mindanao,174,1
2762,Northern Mindanao,174,1
2763,Southern Mindanao,174,1
2764,Southern Tagalog,174,1
2765,Western Mindanao,174,1
2766,Western Visayas,174,1
2767,Pitcairn Island,175,1
2768,Biale Blota,176,1
2769,Dobroszyce,176,1
2770,Dolnoslaskie,176,1
2771,Dziekanow Lesny,176,1
2772,Hopowo,176,1
2773,Kartuzy,176,1
2774,Koscian,176,1
2775,Krakow,176,1
2776,Kujawsko-Pomorskie,176,1
2777,Lodzkie,176,1
2778,Lubelskie,176,1
2779,Lubuskie,176,1
2780,Malomice,176,1
2781,Malopolskie,176,1
2782,Mazowieckie,176,1
2783,Mirkow,176,1
2784,Opolskie,176,1
2785,Ostrowiec,176,1
2786,Podkarpackie,176,1
2787,Podlaskie,176,1
2788,Polska,176,1
2789,Pomorskie,176,1
2790,Poznan,176,1
2791,Pruszkow,176,1
2792,Rymanowska,176,1
2793,Rzeszow,176,1
2794,Slaskie,176,1
2795,Stare Pole,176,1
2796,Swietokrzyskie,176,1
2797,Warminsko-Mazurskie,176,1
2798,Warsaw,176,1
2799,Wejherowo,176,1
2800,Wielkopolskie,176,1
2801,Wroclaw,176,1
2802,Zachodnio-Pomorskie,176,1
2803,Zukowo,176,1
2804,Abrantes,177,1
2805,Acores,177,1
2806,Alentejo,177,1
2807,Algarve,177,1
2808,Braga,177,1
2809,Centro,177,1
2810,Distrito de Leiria,177,1
2811,Distrito de Viana do Castelo,177,1
2812,Distrito de Vila Real,177,1
2813,Distrito do Porto,177,1
2814,Lisboa e Vale do Tejo,177,1
2815,Madeira,177,1
2816,Norte,177,1
2817,Paivas,177,1
2818,Arecibo,178,1
2819,Bayamon,178,1
2820,Carolina,178,1
2821,Florida,178,1
2822,Guayama,178,1
2823,Humacao,178,1
2824,Mayaguez-Aguadilla,178,1
2825,Ponce,178,1
2826,Salinas,178,1
2827,San Juan,178,1
2831,ad-Dawhah,179,1
2832,al-Ghuwayriyah,179,1
2833,al-Jumayliyah,179,1
2834,al-Khawr,179,1
2835,al-Wakrah,179,1
2836,ar-Rayyan,179,1
2837,ash-Shamal,179,1
2828,Doha,179,1
2829,Jarian-al-Batnah,179,1
2830,Umm Salal,179,1
2838,Saint-Benoit,180,1
2839,Saint-Denis,180,1
2840,Saint-Paul,180,1
2841,Saint-Pierre,180,1
2842,Alba,181,1
2843,Arad,181,1
2844,Arges,181,1
2845,Bacau,181,1
2846,Bihor,181,1
2847,Bistrita-Nasaud,181,1
2848,Botosani,181,1
2849,Braila,181,1
2850,Brasov,181,1
2851,Bucuresti,181,1
2852,Buzau,181,1
2853,Calarasi,181,1
2854,Caras-Severin,181,1
2855,Cluj,181,1
2856,Constanta,181,1
2857,Covasna,181,1
2858,Dambovita,181,1
2859,Dolj,181,1
2860,Galati,181,1
2861,Giurgiu,181,1
2862,Gorj,181,1
2863,Harghita,181,1
2864,Hunedoara,181,1
2865,Ialomita,181,1
2866,Iasi,181,1
2867,Ilfov,181,1
2868,Maramures,181,1
2869,Mehedinti,181,1
2870,Mures,181,1
2871,Neamt,181,1
2872,Olt,181,1
2873,Prahova,181,1
2874,Salaj,181,1
2875,Satu Mare,181,1
2876,Sibiu,181,1
2877,Sondelor,181,1
2878,Suceava,181,1
2879,Teleorman,181,1
2880,Timis,181,1
2881,Tulcea,181,1
2882,Valcea,181,1
2883,Vaslui,181,1
2884,Vrancea,181,1
2885,Adygeja,182,1
2886,Aga,182,1
2887,Alanija,182,1
2888,Altaj,182,1
2889,Amur,182,1
2890,Arhangelsk,182,1
2891,Astrahan,182,1
2892,Bashkortostan,182,1
2893,Belgorod,182,1
2894,Brjansk,182,1
2895,Burjatija,182,1
2896,Chechenija,182,1
2897,Cheljabinsk,182,1
2898,Chita,182,1
2899,Chukotka,182,1
2900,Chuvashija,182,1
2901,Dagestan,182,1
2902,Evenkija,182,1
2903,Gorno-Altaj,182,1
2904,Habarovsk,182,1
2905,Hakasija,182,1
2906,Hanty-Mansija,182,1
2907,Ingusetija,182,1
2908,Irkutsk,182,1
2909,Ivanovo,182,1
2910,Jamalo-Nenets,182,1
2911,Jaroslavl,182,1
2912,Jevrej,182,1
2913,Kabardino-Balkarija,182,1
2914,Kaliningrad,182,1
2915,Kalmykija,182,1
2916,Kaluga,182,1
2917,Kamchatka,182,1
2918,Karachaj-Cherkessija,182,1
2919,Karelija,182,1
2920,Kemerovo,182,1
2921,Khabarovskiy Kray,182,1
2922,Kirov,182,1
2923,Komi,182,1
2924,Komi-Permjakija,182,1
2925,Korjakija,182,1
2926,Kostroma,182,1
2927,Krasnodar,182,1
2928,Krasnojarsk,182,1
2929,Krasnoyarskiy Kray,182,1
2930,Kurgan,182,1
2931,Kursk,182,1
2932,Leningrad,182,1
2933,Lipeck,182,1
2934,Magadan,182,1
2935,Marij El,182,1
2936,Mordovija,182,1
2937,Moscow,182,1
2938,Moskovskaja Oblast,182,1
2939,Moskovskaya Oblast,182,1
2940,Moskva,182,1
2941,Murmansk,182,1
2942,Nenets,182,1
2943,Nizhnij Novgorod,182,1
2944,Novgorod,182,1
2945,Novokusnezk,182,1
2946,Novosibirsk,182,1
2947,Omsk,182,1
2948,Orenburg,182,1
2949,Orjol,182,1
2950,Penza,182,1
2951,Perm,182,1
2952,Primorje,182,1
2953,Pskov,182,1
2954,Pskovskaya Oblast,182,1
2955,Rjazan,182,1
2956,Rostov,182,1
2957,Saha,182,1
2958,Sahalin,182,1
2959,Samara,182,1
2960,Samarskaya,182,1
2961,Sankt-Peterburg,182,1
2962,Saratov,182,1
2963,Smolensk,182,1
2964,Stavropol,182,1
2965,Sverdlovsk,182,1
2966,Tajmyrija,182,1
2967,Tambov,182,1
2968,Tatarstan,182,1
2969,Tjumen,182,1
2970,Tomsk,182,1
2971,Tula,182,1
2972,Tver,182,1
2973,Tyva,182,1
2974,Udmurtija,182,1
2975,Uljanovsk,182,1
2976,Ulyanovskaya Oblast,182,1
2977,Ust-Orda,182,1
2978,Vladimir,182,1
2979,Volgograd,182,1
2980,Vologda,182,1
2981,Voronezh,182,1
2982,Butare,183,1
2983,Byumba,183,1
2984,Cyangugu,183,1
2985,Gikongoro,183,1
2986,Gisenyi,183,1
2987,Gitarama,183,1
2988,Kibungo,183,1
2989,Kibuye,183,1
2990,Kigali-ngali,183,1
2991,Ruhengeri,183,1
2992,Ascension,184,1
2993,Gough Island,184,1
2994,Saint Helena,184,1
2995,Tristan da Cunha,184,1
2996,Christ Church Nichola Town,185,1
2997,Saint Anne Sandy Point,185,1
2998,Saint George Basseterre,185,1
2999,Saint George Gingerland,185,1
3000,Saint James Windward,185,1
3001,Saint John Capesterre,185,1
3002,Saint John Figtree,185,1
3003,Saint Mary Cayon,185,1
3004,Saint Paul Capesterre,185,1
3005,Saint Paul Charlestown,185,1
3006,Saint Peter Basseterre,185,1
3007,Saint Thomas Lowland,185,1
3008,Saint Thomas Middle Island,185,1
3009,Trinity Palmetto Point,185,1
3010,Anse-la-Raye,186,1
3011,Canaries,186,1
3012,Castries,186,1
3013,Choiseul,186,1
3014,Dennery,186,1
3015,Gros Inlet,186,1
3016,Laborie,186,1
3017,Micoud,186,1
3018,Soufriere,186,1
3019,Vieux Fort,186,1
3020,Miquelon-Langlade,187,1
3021,Saint-Pierre,187,1
3022,Charlotte,188,1
3023,Grenadines,188,1
3024,Saint Andrew,188,1
3025,Saint David,188,1
3026,Saint George,188,1
3027,Saint Patrick,188,1
3029,Aiga-i-le-Tai,191,1
3030,Atua,191,1
3028,A\'ana,191,1
3031,Fa\'asaleleaga,191,1
3033,Gagaifomauga,191,1
3032,Gaga\'emauga,191,1
3034,Palauli,191,1
3035,Satupa\'itea,191,1
3036,Tuamasaga,191,1
3038,Vaisigano,191,1
3037,Va\'a-o-Fonoti,191,1
3039,Acquaviva,192,1
3040,Borgo Maggiore,192,1
3041,Chiesanuova,192,1
3042,Domagnano,192,1
3043,Faetano,192,1
3044,Fiorentino,192,1
3045,Montegiardino,192,1
3046,San Marino,192,1
3047,Serravalle,192,1
3048,Agua Grande,193,1
3049,Cantagalo,193,1
3050,Lemba,193,1
3051,Lobata,193,1
3052,Me-Zochi,193,1
3053,Pague,193,1
3054,Al Khobar,194,1
3068,al-Bahah,194,1
3069,al-Hudud-ash-Shamaliyah,194,1
3070,al-Madinah,194,1
3071,ar-Riyad,194,1
3055,Aseer,194,1
3056,Ash Sharqiyah,194,1
3057,Asir,194,1
3058,Central Province,194,1
3059,Eastern Province,194,1
3060,Ha\'il,194,1
3061,Jawf,194,1
3062,Jizan,194,1
3063,Makkah,194,1
3064,Najran,194,1
3065,Qasim,194,1
3066,Tabuk,194,1
3067,Western Province,194,1
3072,Dakar,195,1
3073,Diourbel,195,1
3074,Fatick,195,1
3075,Kaolack,195,1
3076,Kolda,195,1
3077,Louga,195,1
3078,Saint-Louis,195,1
3079,Tambacounda,195,1
3080,Thies,195,1
3081,Ziguinchor,195,1
3082,Central Serbia,196,1
3083,Kosovo and Metohija,196,1
3084,Vojvodina,196,1
3085,Anse Boileau,197,1
3086,Anse Royale,197,1
3087,Cascade,197,1
3088,Takamaka,197,1
3089,Victoria,197,1
3090,Eastern,198,1
3091,Northern,198,1
3092,Southern,198,1
3093,Western,198,1
3094,Singapore,199,1
3095,Banskobystricky,200,1
3096,Bratislavsky,200,1
3097,Kosicky,200,1
3098,Nitriansky,200,1
3099,Presovsky,200,1
3100,Trenciansky,200,1
3101,Trnavsky,200,1
3102,Zilinsky,200,1
3103,Benedikt,201,1
3104,Gorenjska,201,1
3105,Gorishka,201,1
3106,Jugovzhodna Slovenija,201,1
3107,Koroshka,201,1
3108,Notranjsko-krashka,201,1
3109,Obalno-krashka,201,1
3110,Obcina Domzale,201,1
3111,Obcina Vitanje,201,1
3112,Osrednjeslovenska,201,1
3113,Podravska,201,1
3114,Pomurska,201,1
3115,Savinjska,201,1
3116,Slovenian Littoral,201,1
3117,Spodnjeposavska,201,1
3118,Zasavska,201,1
3119,Central,202,1
3120,Choiseul,202,1
3121,Guadalcanal,202,1
3122,Isabel,202,1
3123,Makira and Ulawa,202,1
3124,Malaita,202,1
3125,Rennell and Bellona,202,1
3126,Temotu,202,1
3127,Western,202,1
3128,Awdal,203,1
3129,Bakol,203,1
3130,Banadir,203,1
3131,Bari,203,1
3132,Bay,203,1
3133,Galgudug,203,1
3134,Gedo,203,1
3135,Hiran,203,1
3136,Jubbada Hose,203,1
3137,Jubbadha Dexe,203,1
3138,Mudug,203,1
3139,Nugal,203,1
3140,Sanag,203,1
3141,Shabellaha Dhexe,203,1
3142,Shabellaha Hose,203,1
3143,Togdher,203,1
3144,Woqoyi Galbed,203,1
3145,Eastern Cape,204,1
3146,Free State,204,1
3147,Gauteng,204,1
3148,Kempton Park,204,1
3149,Kramerville,204,1
3150,KwaZulu Natal,204,1
3151,Limpopo,204,1
3152,Mpumalanga,204,1
3153,North West,204,1
3154,Northern Cape,204,1
3155,Parow,204,1
3156,Table View,204,1
3157,Umtentweni,204,1
3158,Western Cape,204,1
3159,South Georgia,205,1
3160,Central Equatoria,206,1
3161,A Coruna,207,1
3162,Alacant,207,1
3163,Alava,207,1
3164,Albacete,207,1
3165,Almeria,207,1
3166,Andalucia,207,1
3167,Asturias,207,1
3168,Avila,207,1
3169,Badajoz,207,1
3170,Balears,207,1
3171,Barcelona,207,1
3172,Bertamirans,207,1
3173,Biscay,207,1
3174,Burgos,207,1
3175,Caceres,207,1
3176,Cadiz,207,1
3177,Cantabria,207,1
3178,Castello,207,1
3179,Catalunya,207,1
3180,Ceuta,207,1
3181,Ciudad Real,207,1
3182,Comunidad Autonoma de Canarias,207,1
3183,Comunidad Autonoma de Cataluna,207,1
3184,Comunidad Autonoma de Galicia,207,1
3185,Comunidad Autonoma de las Isla,207,1
3186,Comunidad Autonoma del Princip,207,1
3187,Comunidad Valenciana,207,1
3188,Cordoba,207,1
3189,Cuenca,207,1
3190,Gipuzkoa,207,1
3191,Girona,207,1
3192,Granada,207,1
3193,Guadalajara,207,1
3194,Guipuzcoa,207,1
3195,Huelva,207,1
3196,Huesca,207,1
3197,Jaen,207,1
3198,La Rioja,207,1
3199,Las Palmas,207,1
3200,Leon,207,1
3201,Lerida,207,1
3202,Lleida,207,1
3203,Lugo,207,1
3204,Madrid,207,1
3205,Malaga,207,1
3206,Melilla,207,1
3207,Murcia,207,1
3208,Navarra,207,1
3209,Ourense,207,1
3210,Pais Vasco,207,1
3211,Palencia,207,1
3212,Pontevedra,207,1
3213,Salamanca,207,1
3214,Santa Cruz de Tenerife,207,1
3215,Segovia,207,1
3216,Sevilla,207,1
3217,Soria,207,1
3218,Tarragona,207,1
3219,Tenerife,207,1
3220,Teruel,207,1
3221,Toledo,207,1
3222,Valencia,207,1
3223,Valladolid,207,1
3224,Vizcaya,207,1
3225,Zamora,207,1
3226,Zaragoza,207,1
3227,Amparai,208,1
3228,Anuradhapuraya,208,1
3229,Badulla,208,1
3230,Boralesgamuwa,208,1
3231,Colombo,208,1
3232,Galla,208,1
3233,Gampaha,208,1
3234,Hambantota,208,1
3259,kadawatha,208,1
3235,Kalatura,208,1
3236,Kegalla,208,1
3237,Kilinochchi,208,1
3238,Kurunegala,208,1
3239,Madakalpuwa,208,1
3240,Maha Nuwara,208,1
3241,Malwana,208,1
3242,Mannarama,208,1
3243,Matale,208,1
3244,Matara,208,1
3245,Monaragala,208,1
3246,Mullaitivu,208,1
3247,North Eastern Province,208,1
3248,North Western Province,208,1
3249,Nuwara Eliya,208,1
3250,Polonnaruwa,208,1
3251,Puttalama,208,1
3252,Ratnapuraya,208,1
3253,Southern Province,208,1
3254,Tirikunamalaya,208,1
3255,Tuscany,208,1
3256,Vavuniyawa,208,1
3257,Western Province,208,1
3258,Yapanaya,208,1
3279,al-Bahr-al-Ahmar,209,1
3280,al-Buhayrat,209,1
3281,al-Jazirah,209,1
3282,al-Khartum,209,1
3283,al-Qadarif,209,1
3284,al-Wahdah,209,1
3285,an-Nil-al-Abyad,209,1
3286,an-Nil-al-Azraq,209,1
3287,ash-Shamaliyah,209,1
3260,A\'ali-an-Nil,209,1
3261,Bahr-al-Jabal,209,1
3262,Central Equatoria,209,1
3263,Gharb Bahr-al-Ghazal,209,1
3264,Gharb Darfur,209,1
3265,Gharb Kurdufan,209,1
3266,Gharb-al-Istiwa\'iyah,209,1
3267,Janub Darfur,209,1
3268,Janub Kurdufan,209,1
3269,Junqali,209,1
3270,Kassala,209,1
3271,Nahr-an-Nil,209,1
3272,Shamal Bahr-al-Ghazal,209,1
3273,Shamal Darfur,209,1
3274,Shamal Kurdufan,209,1
3275,Sharq-al-Istiwa\'iyah,209,1
3276,Sinnar,209,1
3277,Warab,209,1
3278,Wilayat al Khartum,209,1
3288,Brokopondo,210,1
3289,Commewijne,210,1
3290,Coronie,210,1
3291,Marowijne,210,1
3292,Nickerie,210,1
3293,Para,210,1
3294,Paramaribo,210,1
3295,Saramacca,210,1
3296,Wanica,210,1
3297,Svalbard,211,1
3298,Hhohho,212,1
3299,Lubombo,212,1
3300,Manzini,212,1
3301,Shiselweni,212,1
3302,Alvsborgs Lan,213,1
3303,Angermanland,213,1
3304,Blekinge,213,1
3305,Bohuslan,213,1
3306,Dalarna,213,1
3307,Gavleborg,213,1
3308,Gaza,213,1
3309,Gotland,213,1
3310,Halland,213,1
3311,Jamtland,213,1
3312,Jonkoping,213,1
3313,Kalmar,213,1
3314,Kristianstads,213,1
3315,Kronoberg,213,1
3316,Norrbotten,213,1
3317,Orebro,213,1
3318,Ostergotland,213,1
3319,Saltsjo-Boo,213,1
3320,Skane,213,1
3321,Smaland,213,1
3322,Sodermanland,213,1
3323,Stockholm,213,1
3324,Uppsala,213,1
3325,Varmland,213,1
3326,Vasterbotten,213,1
3327,Vastergotland,213,1
3328,Vasternorrland,213,1
3329,Vastmanland,213,1
3330,Vastra Gotaland,213,1
3331,Aargau,214,1
3332,Appenzell Inner-Rhoden,214,1
3333,Appenzell-Ausser Rhoden,214,1
3334,Basel-Landschaft,214,1
3335,Basel-Stadt,214,1
3336,Bern,214,1
3337,Canton Ticino,214,1
3338,Fribourg,214,1
3339,Geneve,214,1
3340,Glarus,214,1
3341,Graubunden,214,1
3342,Heerbrugg,214,1
3343,Jura,214,1
3344,Kanton Aargau,214,1
3345,Luzern,214,1
3346,Morbio Inferiore,214,1
3347,Muhen,214,1
3348,Neuchatel,214,1
3349,Nidwalden,214,1
3350,Obwalden,214,1
3351,Sankt Gallen,214,1
3352,Schaffhausen,214,1
3353,Schwyz,214,1
3354,Solothurn,214,1
3355,Thurgau,214,1
3356,Ticino,214,1
3357,Uri,214,1
3358,Valais,214,1
3359,Vaud,214,1
3360,Vauffelin,214,1
3361,Zug,214,1
3362,Zurich,214,1
3373,al-Hasakah,215,1
3374,al-Ladhiqiyah,215,1
3375,al-Qunaytirah,215,1
3363,Aleppo,215,1
3376,ar-Raqqah,215,1
3377,as-Suwayda,215,1
3364,Dar\'a,215,1
3365,Dayr-az-Zawr,215,1
3366,Dimashq,215,1
3367,Halab,215,1
3368,Hamah,215,1
3369,Hims,215,1
3370,Idlib,215,1
3371,Madinat Dimashq,215,1
3372,Tartus,215,1
3378,Changhwa,216,1
3379,Chiayi Hsien,216,1
3380,Chiayi Shih,216,1
3381,Eastern Taipei,216,1
3382,Hsinchu Hsien,216,1
3383,Hsinchu Shih,216,1
3384,Hualien,216,1
3385,Ilan,216,1
3386,Kaohsiung Hsien,216,1
3387,Kaohsiung Shih,216,1
3388,Keelung Shih,216,1
3389,Kinmen,216,1
3390,Miaoli,216,1
3391,Nantou,216,1
3392,Northern Taiwan,216,1
3393,Penghu,216,1
3394,Pingtung,216,1
3395,Taichung,216,1
3396,Taichung Hsien,216,1
3397,Taichung Shih,216,1
3398,Tainan Hsien,216,1
3399,Tainan Shih,216,1
3400,Taipei Hsien,216,1
3401,Taipei Shih / Taipei Hsien,216,1
3402,Taitung,216,1
3403,Taoyuan,216,1
3404,Yilan,216,1
3405,Yun-Lin Hsien,216,1
3406,Yunlin,216,1
3407,Dushanbe,217,1
3408,Gorno-Badakhshan,217,1
3409,Karotegin,217,1
3410,Khatlon,217,1
3411,Sughd,217,1
3412,Arusha,218,1
3413,Dar es Salaam,218,1
3414,Dodoma,218,1
3415,Iringa,218,1
3416,Kagera,218,1
3417,Kigoma,218,1
3418,Kilimanjaro,218,1
3419,Lindi,218,1
3420,Mara,218,1
3421,Mbeya,218,1
3422,Morogoro,218,1
3423,Mtwara,218,1
3424,Mwanza,218,1
3425,Pwani,218,1
3426,Rukwa,218,1
3427,Ruvuma,218,1
3428,Shinyanga,218,1
3429,Singida,218,1
3430,Tabora,218,1
3431,Tanga,218,1
3432,Zanzibar and Pemba,218,1
3433,Amnat Charoen,219,1
3434,Ang Thong,219,1
3435,Bangkok,219,1
3436,Buri Ram,219,1
3437,Chachoengsao,219,1
3438,Chai Nat,219,1
3439,Chaiyaphum,219,1
3440,Changwat Chaiyaphum,219,1
3441,Chanthaburi,219,1
3442,Chiang Mai,219,1
3443,Chiang Rai,219,1
3444,Chon Buri,219,1
3445,Chumphon,219,1
3446,Kalasin,219,1
3447,Kamphaeng Phet,219,1
3448,Kanchanaburi,219,1
3449,Khon Kaen,219,1
3450,Krabi,219,1
3451,Krung Thep,219,1
3452,Lampang,219,1
3453,Lamphun,219,1
3454,Loei,219,1
3455,Lop Buri,219,1
3456,Mae Hong Son,219,1
3457,Maha Sarakham,219,1
3458,Mukdahan,219,1
3459,Nakhon Nayok,219,1
3460,Nakhon Pathom,219,1
3461,Nakhon Phanom,219,1
3462,Nakhon Ratchasima,219,1
3463,Nakhon Sawan,219,1
3464,Nakhon Si Thammarat,219,1
3465,Nan,219,1
3466,Narathiwat,219,1
3467,Nong Bua Lam Phu,219,1
3468,Nong Khai,219,1
3469,Nonthaburi,219,1
3470,Pathum Thani,219,1
3471,Pattani,219,1
3472,Phangnga,219,1
3473,Phatthalung,219,1
3474,Phayao,219,1
3475,Phetchabun,219,1
3476,Phetchaburi,219,1
3477,Phichit,219,1
3478,Phitsanulok,219,1
3479,Phra Nakhon Si Ayutthaya,219,1
3480,Phrae,219,1
3481,Phuket,219,1
3482,Prachin Buri,219,1
3483,Prachuap Khiri Khan,219,1
3484,Ranong,219,1
3485,Ratchaburi,219,1
3486,Rayong,219,1
3487,Roi Et,219,1
3488,Sa Kaeo,219,1
3489,Sakon Nakhon,219,1
3490,Samut Prakan,219,1
3491,Samut Sakhon,219,1
3492,Samut Songkhran,219,1
3493,Saraburi,219,1
3494,Satun,219,1
3495,Si Sa Ket,219,1
3496,Sing Buri,219,1
3497,Songkhla,219,1
3498,Sukhothai,219,1
3499,Suphan Buri,219,1
3500,Surat Thani,219,1
3501,Surin,219,1
3502,Tak,219,1
3503,Trang,219,1
3504,Trat,219,1
3505,Ubon Ratchathani,219,1
3506,Udon Thani,219,1
3507,Uthai Thani,219,1
3508,Uttaradit,219,1
3509,Yala,219,1
3510,Yasothon,219,1
3511,Centre,220,1
3512,Kara,220,1
3513,Maritime,220,1
3514,Plateaux,220,1
3515,Savanes,220,1
3516,Atafu,221,1
3517,Fakaofo,221,1
3518,Nukunonu,221,1
3519,Eua,222,1
3520,Ha\'apai,222,1
3521,Niuas,222,1
3522,Tongatapu,222,1
3523,Vava\'u,222,1
3524,Arima-Tunapuna-Piarco,223,1
3525,Caroni,223,1
3526,Chaguanas,223,1
3527,Couva-Tabaquite-Talparo,223,1
3528,Diego Martin,223,1
3529,Glencoe,223,1
3530,Penal Debe,223,1
3531,Point Fortin,223,1
3532,Port of Spain,223,1
3533,Princes Town,223,1
3534,Saint George,223,1
3535,San Fernando,223,1
3536,San Juan,223,1
3537,Sangre Grande,223,1
3538,Siparia,223,1
3539,Tobago,223,1
3565,al-Kaf,224,1
3566,al-Mahdiyah,224,1
3567,al-Munastir,224,1
3568,al-Qasrayn,224,1
3569,al-Qayrawan,224,1
3540,Aryanah,224,1
3541,Bajah,224,1
3542,Bin \'Arus,224,1
3543,Binzart,224,1
3544,Gouvernorat de Ariana,224,1
3545,Gouvernorat de Nabeul,224,1
3546,Gouvernorat de Sousse,224,1
3547,Hammamet Yasmine,224,1
3548,Jundubah,224,1
3549,Madaniyin,224,1
3550,Manubah,224,1
3551,Monastir,224,1
3552,Nabul,224,1
3553,Qabis,224,1
3554,Qafsah,224,1
3555,Qibili,224,1
3556,Safaqis,224,1
3557,Sfax,224,1
3558,Sidi Bu Zayd,224,1
3559,Silyanah,224,1
3560,Susah,224,1
3561,Tatawin,224,1
3562,Tawzar,224,1
3563,Tunis,224,1
3564,Zaghwan,224,1
3570,Adana,225,1
3571,Adiyaman,225,1
3572,Afyon,225,1
3573,Agri,225,1
3574,Aksaray,225,1
3575,Amasya,225,1
3576,Ankara,225,1
3577,Antalya,225,1
3578,Ardahan,225,1
3579,Artvin,225,1
3580,Aydin,225,1
3581,Balikesir,225,1
3582,Bartin,225,1
3583,Batman,225,1
3584,Bayburt,225,1
3585,Bilecik,225,1
3586,Bingol,225,1
3587,Bitlis,225,1
3588,Bolu,225,1
3589,Burdur,225,1
3590,Bursa,225,1
3591,Canakkale,225,1
3592,Cankiri,225,1
3593,Corum,225,1
3594,Denizli,225,1
3595,Diyarbakir,225,1
3596,Duzce,225,1
3597,Edirne,225,1
3598,Elazig,225,1
3599,Erzincan,225,1
3600,Erzurum,225,1
3601,Eskisehir,225,1
3602,Gaziantep,225,1
3603,Giresun,225,1
3604,Gumushane,225,1
3605,Hakkari,225,1
3606,Hatay,225,1
3607,Icel,225,1
3608,Igdir,225,1
3609,Isparta,225,1
3610,Istanbul,225,1
3611,Izmir,225,1
3612,Kahramanmaras,225,1
3613,Karabuk,225,1
3614,Karaman,225,1
3615,Kars,225,1
3616,Karsiyaka,225,1
3617,Kastamonu,225,1
3618,Kayseri,225,1
3619,Kilis,225,1
3620,Kirikkale,225,1
3621,Kirklareli,225,1
3622,Kirsehir,225,1
3623,Kocaeli,225,1
3624,Konya,225,1
3625,Kutahya,225,1
3626,Lefkosa,225,1
3627,Malatya,225,1
3628,Manisa,225,1
3629,Mardin,225,1
3630,Mugla,225,1
3631,Mus,225,1
3632,Nevsehir,225,1
3633,Nigde,225,1
3634,Ordu,225,1
3635,Osmaniye,225,1
3636,Rize,225,1
3637,Sakarya,225,1
3638,Samsun,225,1
3639,Sanliurfa,225,1
3640,Siirt,225,1
3641,Sinop,225,1
3642,Sirnak,225,1
3643,Sivas,225,1
3644,Tekirdag,225,1
3645,Tokat,225,1
3646,Trabzon,225,1
3647,Tunceli,225,1
3648,Usak,225,1
3649,Van,225,1
3650,Yalova,225,1
3651,Yozgat,225,1
3652,Zonguldak,225,1
3653,Ahal,226,1
3654,Asgabat,226,1
3655,Balkan,226,1
3656,Dasoguz,226,1
3657,Lebap,226,1
3658,Mari,226,1
3659,Grand Turk,227,1
3660,South Caicos and East Caicos,227,1
3661,Funafuti,228,1
3662,Nanumanga,228,1
3663,Nanumea,228,1
3664,Niutao,228,1
3665,Nui,228,1
3666,Nukufetau,228,1
3667,Nukulaelae,228,1
3668,Vaitupu,228,1
3669,Central,229,1
3670,Eastern,229,1
3671,Northern,229,1
3672,Western,229,1
3673,Cherkas\'ka,230,1
3674,Chernihivs\'ka,230,1
3675,Chernivets\'ka,230,1
3676,Crimea,230,1
3677,Dnipropetrovska,230,1
3678,Donets\'ka,230,1
3679,Ivano-Frankivs\'ka,230,1
3680,Kharkiv,230,1
3681,Kharkov,230,1
3682,Khersonska,230,1
3683,Khmel\'nyts\'ka,230,1
3684,Kirovohrad,230,1
3685,Krym,230,1
3686,Kyyiv,230,1
3687,Kyyivs\'ka,230,1
3689,Luhans\'ka,230,1
3688,L\'vivs\'ka,230,1
3690,Mykolayivs\'ka,230,1
3692,Odessa,230,1
3691,Odes\'ka,230,1
3693,Poltavs\'ka,230,1
3694,Rivnens\'ka,230,1
3695,Sevastopol\',230,1
3696,Sums\'ka,230,1
3697,Ternopil\'s\'ka,230,1
3698,Volyns\'ka,230,1
3699,Vynnyts\'ka,230,1
3700,Zakarpats\'ka,230,1
3701,Zaporizhia,230,1
3702,Zhytomyrs\'ka,230,1
3703,Abu Zabi,231,1
3704,Ajman,231,1
3710,al-Fujayrah,231,1
3711,ash-Shariqah,231,1
3705,Dubai,231,1
3706,Ras al-Khaymah,231,1
3707,Sharjah,231,1
3708,Sharjha,231,1
3709,Umm al Qaywayn,231,1
3712,Aberdeen,232,1
3713,Aberdeenshire,232,1
3714,Argyll,232,1
3715,Armagh,232,1
3716,Bedfordshire,232,1
3717,Belfast,232,1
3718,Berkshire,232,1
3719,Birmingham,232,1
3720,Brechin,232,1
3721,Bridgnorth,232,1
3722,Bristol,232,1
3723,Buckinghamshire,232,1
3724,Cambridge,232,1
3725,Cambridgeshire,232,1
3726,Channel Islands,232,1
3727,Cheshire,232,1
3728,Cleveland,232,1
3729,Co Fermanagh,232,1
3730,Conwy,232,1
3731,Cornwall,232,1
3732,Coventry,232,1
3733,Craven Arms,232,1
3734,Cumbria,232,1
3735,Denbighshire,232,1
3736,Derby,232,1
3737,Derbyshire,232,1
3738,Devon,232,1
3739,Dial Code Dungannon,232,1
3740,Didcot,232,1
3741,Dorset,232,1
3742,Dunbartonshire,232,1
3743,Durham,232,1
3744,East Dunbartonshire,232,1
3745,East Lothian,232,1
3746,East Midlands,232,1
3747,East Sussex,232,1
3748,East Yorkshire,232,1
3749,England,232,1
3750,Essex,232,1
3751,Fermanagh,232,1
3752,Fife,232,1
3753,Flintshire,232,1
3754,Fulham,232,1
3755,Gainsborough,232,1
3756,Glocestershire,232,1
3757,Gwent,232,1
3758,Hampshire,232,1
3759,Hants,232,1
3760,Herefordshire,232,1
3761,Hertfordshire,232,1
3762,Ireland,232,1
3763,Isle Of Man,232,1
3764,Isle of Wight,232,1
3765,Kenford,232,1
3766,Kent,232,1
3767,Kilmarnock,232,1
3768,Lanarkshire,232,1
3769,Lancashire,232,1
3770,Leicestershire,232,1
3771,Lincolnshire,232,1
3772,Llanymynech,232,1
3773,London,232,1
3774,Ludlow,232,1
3775,Manchester,232,1
3776,Mayfair,232,1
3777,Merseyside,232,1
3778,Mid Glamorgan,232,1
3779,Middlesex,232,1
3780,Mildenhall,232,1
3781,Monmouthshire,232,1
3782,Newton Stewart,232,1
3783,Norfolk,232,1
3784,North Humberside,232,1
3785,North Yorkshire,232,1
3786,Northamptonshire,232,1
3787,Northants,232,1
3788,Northern Ireland,232,1
3789,Northumberland,232,1
3790,Nottinghamshire,232,1
3791,Oxford,232,1
3792,Powys,232,1
3793,Roos-shire,232,1
3795,Sark,232,1
3796,Scotland,232,1
3797,Scottish Borders,232,1
3798,Shropshire,232,1
3799,Somerset,232,1
3800,South Glamorgan,232,1
3801,South Wales,232,1
3802,South Yorkshire,232,1
3803,Southwell,232,1
3804,Staffordshire,232,1
3805,Strabane,232,1
3806,Suffolk,232,1
3807,Surrey,232,1
3794,SUSSEX,232,1
3808,Twickenham,232,1
3809,Tyne and Wear,232,1
3810,Tyrone,232,1
3811,Utah,232,1
3812,Wales,232,1
3813,Warwickshire,232,1
3814,West Lothian,232,1
3815,West Midlands,232,1
3816,West Sussex,232,1
3817,West Yorkshire,232,1
3818,Whissendine,232,1
3819,Wiltshire,232,1
3820,Wokingham,232,1
3821,Worcestershire,232,1
3822,Wrexham,232,1
3823,Wurttemberg,232,1
3824,Yorkshire,232,1
3825,Alabama,233,1
3826,Alaska,233,1
4021,American Samoa,233,1
3827,Arizona,233,1
3828,Arkansas,233,1
3829,Byram,233,1
3830,California,233,1
3831,Cokato,233,1
3832,Colorado,233,1
3833,Connecticut,233,1
3834,Delaware,233,1
3835,District of Columbia,233,1
4022,Federated States Of Micronesia,233,1
3836,Florida,233,1
3837,Georgia,233,1
4023,Guam,233,1
3838,Hawaii,233,1
3839,Idaho,233,1
3840,Illinois,233,1
3841,Indiana,233,1
3842,Iowa,233,1
3843,Kansas,233,1
3844,Kentucky,233,1
3845,Louisiana,233,1
3846,Lowa,233,1
3847,Maine,233,1
4024,Marshall Islands,233,1
3848,Maryland,233,1
3849,Massachusetts,233,1
3850,Medfield,233,1
3851,Michigan,233,1
3852,Minnesota,233,1
3853,Mississippi,233,1
3854,Missouri,233,1
3855,Montana,233,1
3856,Nebraska,233,1
3857,Nevada,233,1
3858,New Hampshire,233,1
3859,New Jersey,233,1
3860,New Jersy,233,1
3861,New Mexico,233,1
3862,New York,233,1
3863,North Carolina,233,1
3864,North Dakota,233,1
4025,Northern Mariana Islands,233,1
3865,Ohio,233,1
3866,Oklahoma,233,1
3867,Ontario,233,1
3868,Oregon,233,1
4026,Palau,233,1
3869,Pennsylvania,233,1
4027,Puerto Rico,233,1
3870,Ramey,233,1
3871,Rhode Island,233,1
3872,South Carolina,233,1
3873,South Dakota,233,1
3874,Sublimity,233,1
3875,Tennessee,233,1
3876,Texas,233,1
3877,Trimble,233,1
3878,Utah,233,1
3879,Vermont,233,1
4028,Virgin Islands,233,1
3880,Virginia,233,1
3881,Washington,233,1
3882,West Virginia,233,1
3883,Wisconsin,233,1
3884,Wyoming,233,1
3885,United States Minor Outlying I,234,1
3886,Artigas,235,1
3887,Canelones,235,1
3888,Cerro Largo,235,1
3889,Colonia,235,1
3890,Durazno,235,1
3892,Flores,235,1
3891,FLorida,235,1
3893,Lavalleja,235,1
3894,Maldonado,235,1
3895,Montevideo,235,1
3896,Paysandu,235,1
3897,Rio Negro,235,1
3898,Rivera,235,1
3899,Rocha,235,1
3900,Salto,235,1
3901,San Jose,235,1
3902,Soriano,235,1
3903,Tacuarembo,235,1
3904,Treinta y Tres,235,1
3905,Andijon,236,1
3906,Buhoro,236,1
3907,Buxoro Viloyati,236,1
3908,Cizah,236,1
3909,Fargona,236,1
3910,Horazm,236,1
3911,Kaskadar,236,1
3912,Korakalpogiston,236,1
3913,Namangan,236,1
3914,Navoi,236,1
3915,Samarkand,236,1
3916,Sirdare,236,1
3917,Surhondar,236,1
3918,Toskent,236,1
3919,Malampa,237,1
3920,Penama,237,1
3921,Sanma,237,1
3922,Shefa,237,1
3923,Tafea,237,1
3924,Torba,237,1
3925,Vatican City State (Holy See),238,1
3926,Amazonas,239,1
3927,Anzoategui,239,1
3928,Apure,239,1
3929,Aragua,239,1
3930,Barinas,239,1
3931,Bolivar,239,1
3932,Carabobo,239,1
3933,Cojedes,239,1
3934,Delta Amacuro,239,1
3935,Distrito Federal,239,1
3936,Falcon,239,1
3937,Guarico,239,1
3938,Lara,239,1
3939,Merida,239,1
3940,Miranda,239,1
3941,Monagas,239,1
3942,Nueva Esparta,239,1
3943,Portuguesa,239,1
3944,Sucre,239,1
3945,Tachira,239,1
3946,Trujillo,239,1
3947,Vargas,239,1
3948,Yaracuy,239,1
3949,Zulia,239,1
3950,Bac Giang,240,1
3951,Binh Dinh,240,1
3952,Binh Duong,240,1
3953,Da Nang,240,1
3954,Dong Bang Song Cuu Long,240,1
3955,Dong Bang Song Hong,240,1
3956,Dong Nai,240,1
3957,Dong Nam Bo,240,1
3958,Duyen Hai Mien Trung,240,1
3959,Hanoi,240,1
3960,Hung Yen,240,1
3961,Khu Bon Cu,240,1
3962,Long An,240,1
3963,Mien Nui Va Trung Du,240,1
3964,Thai Nguyen,240,1
3965,Thanh Pho Ho Chi Minh,240,1
3966,Thu Do Ha Noi,240,1
3967,Tinh Can Tho,240,1
3968,Tinh Da Nang,240,1
3969,Tinh Gia Lai,240,1
3970,Anegada,241,1
3971,Jost van Dyke,241,1
3972,Tortola,241,1
3973,Saint Croix,242,1
3974,Saint John,242,1
3975,Saint Thomas,242,1
3976,Alo,243,1
3977,Singave,243,1
3978,Wallis,243,1
3981,al-\'Ayun,244,1
3982,as-Samarah,244,1
3979,Bu Jaydur,244,1
3980,Wad-adh-Dhahab,244,1
3984,Abyan,245,1
3997,al-Bayda,245,1
3998,al-Hudaydah,245,1
3999,al-Jawf,245,1
4000,al-Mahrah,245,1
4001,al-Mahwit,245,1
3985,Dhamar,245,1
3986,Hadramaut,245,1
3987,Hajjah,245,1
3988,Hudaydah,245,1
3989,Ibb,245,1
3990,Lahij,245,1
3992,Madinat San\'a,245,1
3991,Ma\'rib,245,1
3994,Sana,245,1
3993,Sa\'dah,245,1
3995,Shabwah,245,1
3996,Ta\'izz,245,1
3983,\'Adan,245,1
4002,Central,246,1
4003,Copperbelt,246,1
4004,Eastern,246,1
4005,Luapala,246,1
4006,Lusaka,246,1
4007,North-Western,246,1
4008,Northern,246,1
4009,Southern,246,1
4010,Western,246,1
4011,Bulawayo,247,1
4012,Harare,247,1
4013,Manicaland,247,1
4014,Mashonaland Central,247,1
4015,Mashonaland East,247,1
4016,Mashonaland West,247,1
4017,Masvingo,247,1
4018,Matabeleland North,247,1
4019,Matabeleland South,247,1
4020,Midlands,247,1
